USE [DotNetKicks]
GO

/****** Generated by: Easy SQL tools 2.3 Script Date: 16/09/2007 17:06 ******/

SET NOCOUNT ON
SET QUOTED_IDENTIFIER ON
SET ANSI_NULLS ON
SET ANSI_PADDING ON
SET ARITHABORT ON
SET CONCAT_NULL_YIELDS_NULL ON
SET ANSI_PADDING ON
SET ANSI_WARNINGS ON
SET NUMERIC_ROUNDABORT OFF
GO

-- [*Begin transaction]
SET TRANSACTION ISOLATION LEVEL SERIALIZABLE
BEGIN TRANSACTION
GO

-- [Constraints DISABLE]
ALTER TABLE [dbo].[Kick_Category] NOCHECK CONSTRAINT ALL
ALTER TABLE [dbo].[Kick_Category] DISABLE TRIGGER    ALL
ALTER TABLE [dbo].[Kick_Comment] NOCHECK CONSTRAINT ALL
ALTER TABLE [dbo].[Kick_Comment] DISABLE TRIGGER    ALL
ALTER TABLE [dbo].[Kick_Host] NOCHECK CONSTRAINT ALL
ALTER TABLE [dbo].[Kick_Host] DISABLE TRIGGER    ALL
ALTER TABLE [dbo].[Kick_Setting] NOCHECK CONSTRAINT ALL
ALTER TABLE [dbo].[Kick_Setting] DISABLE TRIGGER    ALL
ALTER TABLE [dbo].[Kick_Shout] NOCHECK CONSTRAINT ALL
ALTER TABLE [dbo].[Kick_Shout] DISABLE TRIGGER    ALL
ALTER TABLE [dbo].[Kick_Story] NOCHECK CONSTRAINT ALL
ALTER TABLE [dbo].[Kick_Story] DISABLE TRIGGER    ALL
ALTER TABLE [dbo].[Kick_StoryKick] NOCHECK CONSTRAINT ALL
ALTER TABLE [dbo].[Kick_StoryKick] DISABLE TRIGGER    ALL
ALTER TABLE [dbo].[Kick_StoryUserHostTag] NOCHECK CONSTRAINT ALL
ALTER TABLE [dbo].[Kick_StoryUserHostTag] DISABLE TRIGGER    ALL
ALTER TABLE [dbo].[Kick_Tag] NOCHECK CONSTRAINT ALL
ALTER TABLE [dbo].[Kick_Tag] DISABLE TRIGGER    ALL
ALTER TABLE [dbo].[Kick_User] NOCHECK CONSTRAINT ALL
ALTER TABLE [dbo].[Kick_User] DISABLE TRIGGER    ALL
ALTER TABLE [dbo].[Kick_UserFriend] NOCHECK CONSTRAINT ALL
ALTER TABLE [dbo].[Kick_UserFriend] DISABLE TRIGGER    ALL
GO

-- [dbo].[Kick_Category] (20 rows)
SET IDENTITY_INSERT [dbo].[Kick_Category] ON
INSERT INTO [dbo].[Kick_Category] ([CategoryID], [HostID], [CategoryIdentifier], [Name], [Description], [IconName], [OrderPriority], [TagIdentifier]) VALUES (1, 1, N'athletics', N'Athletics', N'', N'other.png', 100, N'Athletics')
INSERT INTO [dbo].[Kick_Category] ([CategoryID], [HostID], [CategoryIdentifier], [Name], [Description], [IconName], [OrderPriority], [TagIdentifier]) VALUES (2, 1, N'soccer', N'Soccer', N'', N'sport.png', 100, N'Soccer Football')
INSERT INTO [dbo].[Kick_Category] ([CategoryID], [HostID], [CategoryIdentifier], [Name], [Description], [IconName], [OrderPriority], [TagIdentifier]) VALUES (3, 1, N'basketball', N'Basketball', N'', N'other.png', 100, N'Basketball')
INSERT INTO [dbo].[Kick_Category] ([CategoryID], [HostID], [CategoryIdentifier], [Name], [Description], [IconName], [OrderPriority], [TagIdentifier]) VALUES (4, 1, N'chess', N'Chess', N'', N'other.png', 100, N'Chess')
INSERT INTO [dbo].[Kick_Category] ([CategoryID], [HostID], [CategoryIdentifier], [Name], [Description], [IconName], [OrderPriority], [TagIdentifier]) VALUES (5, 1, N'golf', N'Golf', N'', N'other.png', 100, N'Golf')
INSERT INTO [dbo].[Kick_Category] ([CategoryID], [HostID], [CategoryIdentifier], [Name], [Description], [IconName], [OrderPriority], [TagIdentifier]) VALUES (6, 1, N'gaelic', N'Gaelic Games', N'', N'sport.png', 100, N'GaelicGames')
INSERT INTO [dbo].[Kick_Category] ([CategoryID], [HostID], [CategoryIdentifier], [Name], [Description], [IconName], [OrderPriority], [TagIdentifier]) VALUES (7, 1, N'rugby', N'Rugby', N'', N'other.png', 100, N'Rugby')
INSERT INTO [dbo].[Kick_Category] ([CategoryID], [HostID], [CategoryIdentifier], [Name], [Description], [IconName], [OrderPriority], [TagIdentifier]) VALUES (8, 1, N'motorsport', N'Motor Sport', N'', N'other.png', 100, N'MotorSport')
INSERT INTO [dbo].[Kick_Category] ([CategoryID], [HostID], [CategoryIdentifier], [Name], [Description], [IconName], [OrderPriority], [TagIdentifier]) VALUES (9, 1, N'tennis', N'Tennis', N'', N'other.png', 100, N'Tennis')
INSERT INTO [dbo].[Kick_Category] ([CategoryID], [HostID], [CategoryIdentifier], [Name], [Description], [IconName], [OrderPriority], [TagIdentifier]) VALUES (10, 1, N'snooker', N'Snooker', N'', N'games.png', 100, N'Snooker')
INSERT INTO [dbo].[Kick_Category] ([CategoryID], [HostID], [CategoryIdentifier], [Name], [Description], [IconName], [OrderPriority], [TagIdentifier]) VALUES (11, 2, N'cat1', N'Category1', N'', N'other.png', 100, N'')
INSERT INTO [dbo].[Kick_Category] ([CategoryID], [HostID], [CategoryIdentifier], [Name], [Description], [IconName], [OrderPriority], [TagIdentifier]) VALUES (12, 2, N'cat2', N'Category2', N'', N'other.png', 100, N'')
INSERT INTO [dbo].[Kick_Category] ([CategoryID], [HostID], [CategoryIdentifier], [Name], [Description], [IconName], [OrderPriority], [TagIdentifier]) VALUES (13, 2, N'cat3', N'Category3', N'', N'other.png', 100, N'')
INSERT INTO [dbo].[Kick_Category] ([CategoryID], [HostID], [CategoryIdentifier], [Name], [Description], [IconName], [OrderPriority], [TagIdentifier]) VALUES (14, 2, N'cat4', N'Category4', N'', N'other.png', 100, N'')
INSERT INTO [dbo].[Kick_Category] ([CategoryID], [HostID], [CategoryIdentifier], [Name], [Description], [IconName], [OrderPriority], [TagIdentifier]) VALUES (15, 2, N'cat5', N'Category5', N'', N'other.png', 100, N'')
INSERT INTO [dbo].[Kick_Category] ([CategoryID], [HostID], [CategoryIdentifier], [Name], [Description], [IconName], [OrderPriority], [TagIdentifier]) VALUES (16, 2, N'cat6', N'Category6', N'', N'other.png', 100, N'')
INSERT INTO [dbo].[Kick_Category] ([CategoryID], [HostID], [CategoryIdentifier], [Name], [Description], [IconName], [OrderPriority], [TagIdentifier]) VALUES (17, 2, N'cat7', N'Category7', N'', N'other.png', 100, N'')
INSERT INTO [dbo].[Kick_Category] ([CategoryID], [HostID], [CategoryIdentifier], [Name], [Description], [IconName], [OrderPriority], [TagIdentifier]) VALUES (18, 2, N'cat8', N'Category8', N'', N'other.png', 100, N'')
INSERT INTO [dbo].[Kick_Category] ([CategoryID], [HostID], [CategoryIdentifier], [Name], [Description], [IconName], [OrderPriority], [TagIdentifier]) VALUES (19, 2, N'cat9', N'Category9', N'', N'other.png', 100, N'')
INSERT INTO [dbo].[Kick_Category] ([CategoryID], [HostID], [CategoryIdentifier], [Name], [Description], [IconName], [OrderPriority], [TagIdentifier]) VALUES (20, 2, N'cat10', N'Category10', N'', N'other.png', 100, N'')
SET IDENTITY_INSERT [dbo].[Kick_Category] OFF
GO

-- [dbo].[Kick_Comment] (28 rows)
SET IDENTITY_INSERT [dbo].[Kick_Comment] ON
INSERT INTO [dbo].[Kick_Comment] ([CommentID], [StoryID], [UserID], [Comment], [CreatedOn], [HostID], [IsSpam]) VALUES (1, 1, 1, N'I normally have a bet on Harrington in majors, have been backing him for years. Guess which major I decided not to back him at?', '2007-09-12T22:40:46', 1, 0)
INSERT INTO [dbo].[Kick_Comment] ([CommentID], [StoryID], [UserID], [Comment], [CreatedOn], [HostID], [IsSpam]) VALUES (2, 16, 5, N'Steve Staunton is a clown', '2007-09-12T22:46:45', 1, 0)
INSERT INTO [dbo].[Kick_Comment] ([CommentID], [StoryID], [UserID], [Comment], [CreatedOn], [HostID], [IsSpam]) VALUES (3, 17, 21, N'Not any longer, here comes Tiger!!!', '2007-09-15T13:23:08', 1, 0)
INSERT INTO [dbo].[Kick_Comment] ([CommentID], [StoryID], [UserID], [Comment], [CreatedOn], [HostID], [IsSpam]) VALUES (4, 13, 21, N'Scotland have a good chance now', '2007-09-15T13:25:11', 1, 0)
INSERT INTO [dbo].[Kick_Comment] ([CommentID], [StoryID], [UserID], [Comment], [CreatedOn], [HostID], [IsSpam]) VALUES (5, 9, 21, N'He''ll do it too', '2007-09-15T13:37:17', 1, 0)
INSERT INTO [dbo].[Kick_Comment] ([CommentID], [StoryID], [UserID], [Comment], [CreatedOn], [HostID], [IsSpam]) VALUES (6, 18, 3, N'It is curtains for England now', '2007-09-15T13:41:43', 1, 0)
INSERT INTO [dbo].[Kick_Comment] ([CommentID], [StoryID], [UserID], [Comment], [CreatedOn], [HostID], [IsSpam]) VALUES (7, 18, 10, N'Comment link should now work :<br/><br/><a href="http://www.ireland.com/" target="_new">http://www.ireland.com/</a><br/><br/><a href="http://www.dotnetkicks.com/spy" target="_new">http://www.dotnetkicks.com/spy</a>', '2007-09-15T15:50:58', 1, 0)
INSERT INTO [dbo].[Kick_Comment] ([CommentID], [StoryID], [UserID], [Comment], [CreatedOn], [HostID], [IsSpam]) VALUES (8, 23, 12, N'Sunderland needed the points', '2007-09-16T14:36:58', 1, 0)
INSERT INTO [dbo].[Kick_Comment] ([CommentID], [StoryID], [UserID], [Comment], [CreatedOn], [HostID], [IsSpam]) VALUES (9, 44, 1, N'Comment 1', '2007-09-16T15:52:56', 1, 0)
INSERT INTO [dbo].[Kick_Comment] ([CommentID], [StoryID], [UserID], [Comment], [CreatedOn], [HostID], [IsSpam]) VALUES (10, 44, 1, N'Comment 2', '2007-09-16T15:53:04', 1, 0)
INSERT INTO [dbo].[Kick_Comment] ([CommentID], [StoryID], [UserID], [Comment], [CreatedOn], [HostID], [IsSpam]) VALUES (11, 44, 1, N'Comment 3', '2007-09-16T15:53:06', 1, 0)
INSERT INTO [dbo].[Kick_Comment] ([CommentID], [StoryID], [UserID], [Comment], [CreatedOn], [HostID], [IsSpam]) VALUES (12, 44, 1, N'Comment 4', '2007-09-16T15:53:10', 1, 0)
INSERT INTO [dbo].[Kick_Comment] ([CommentID], [StoryID], [UserID], [Comment], [CreatedOn], [HostID], [IsSpam]) VALUES (13, 44, 1, N'Comment 5', '2007-09-16T15:53:13', 1, 0)
INSERT INTO [dbo].[Kick_Comment] ([CommentID], [StoryID], [UserID], [Comment], [CreatedOn], [HostID], [IsSpam]) VALUES (14, 44, 1, N'Comment 6', '2007-09-16T15:53:16', 1, 0)
INSERT INTO [dbo].[Kick_Comment] ([CommentID], [StoryID], [UserID], [Comment], [CreatedOn], [HostID], [IsSpam]) VALUES (15, 44, 1, N'Comment 7', '2007-09-16T15:53:19', 1, 0)
INSERT INTO [dbo].[Kick_Comment] ([CommentID], [StoryID], [UserID], [Comment], [CreatedOn], [HostID], [IsSpam]) VALUES (16, 44, 1, N'Comment 8', '2007-09-16T15:53:22', 1, 0)
INSERT INTO [dbo].[Kick_Comment] ([CommentID], [StoryID], [UserID], [Comment], [CreatedOn], [HostID], [IsSpam]) VALUES (17, 44, 1, N'Comment 9', '2007-09-16T15:53:26', 1, 0)
INSERT INTO [dbo].[Kick_Comment] ([CommentID], [StoryID], [UserID], [Comment], [CreatedOn], [HostID], [IsSpam]) VALUES (18, 44, 1, N'Comment 10', '2007-09-16T15:53:30', 1, 0)
INSERT INTO [dbo].[Kick_Comment] ([CommentID], [StoryID], [UserID], [Comment], [CreatedOn], [HostID], [IsSpam]) VALUES (19, 44, 1, N'Comment 11', '2007-09-16T15:53:33', 1, 0)
INSERT INTO [dbo].[Kick_Comment] ([CommentID], [StoryID], [UserID], [Comment], [CreatedOn], [HostID], [IsSpam]) VALUES (20, 44, 1, N'Comment 12', '2007-09-16T15:53:35', 1, 0)
INSERT INTO [dbo].[Kick_Comment] ([CommentID], [StoryID], [UserID], [Comment], [CreatedOn], [HostID], [IsSpam]) VALUES (21, 44, 1, N'Comment 13', '2007-09-16T15:53:38', 1, 0)
INSERT INTO [dbo].[Kick_Comment] ([CommentID], [StoryID], [UserID], [Comment], [CreatedOn], [HostID], [IsSpam]) VALUES (22, 44, 1, N'Comment 14', '2007-09-16T15:53:42', 1, 0)
INSERT INTO [dbo].[Kick_Comment] ([CommentID], [StoryID], [UserID], [Comment], [CreatedOn], [HostID], [IsSpam]) VALUES (23, 44, 1, N'Comment 15', '2007-09-16T15:53:45', 1, 0)
INSERT INTO [dbo].[Kick_Comment] ([CommentID], [StoryID], [UserID], [Comment], [CreatedOn], [HostID], [IsSpam]) VALUES (24, 44, 1, N'Comment 16', '2007-09-16T15:53:48', 1, 0)
INSERT INTO [dbo].[Kick_Comment] ([CommentID], [StoryID], [UserID], [Comment], [CreatedOn], [HostID], [IsSpam]) VALUES (25, 44, 1, N'Comment 17', '2007-09-16T15:53:51', 1, 0)
INSERT INTO [dbo].[Kick_Comment] ([CommentID], [StoryID], [UserID], [Comment], [CreatedOn], [HostID], [IsSpam]) VALUES (26, 44, 1, N'Comment 18', '2007-09-16T15:53:54', 1, 0)
INSERT INTO [dbo].[Kick_Comment] ([CommentID], [StoryID], [UserID], [Comment], [CreatedOn], [HostID], [IsSpam]) VALUES (27, 44, 1, N'Comment 19', '2007-09-16T15:53:57', 1, 0)
INSERT INTO [dbo].[Kick_Comment] ([CommentID], [StoryID], [UserID], [Comment], [CreatedOn], [HostID], [IsSpam]) VALUES (28, 44, 1, N'Comment 20', '2007-09-16T15:54:00', 1, 0)
SET IDENTITY_INSERT [dbo].[Kick_Comment] OFF
GO

-- [dbo].[Kick_Host] (2 rows)
SET IDENTITY_INSERT [dbo].[Kick_Host] ON
INSERT INTO [dbo].[Kick_Host] ([HostID], [HostName], [RootUrl], [SiteTitle], [SiteDescription], [TagLine], [LogoPath], [CreatedOn], [BlogUrl], [Email], [Template], [ShowAds], [Culture], [UICulture], [Publish_MinimumStoryAgeInHours], [Publish_MaximumStoryAgeInHours], [Publish_MaximumSimultaneousStoryPublishCount], [Publish_MinimumStoryScore], [Publish_MinimumStoryKickCount], [Publish_MinimumStoryCommentCount], [Publish_MinimumAverageStoryKicksPerHour], [Publish_MinimunAverageCommentsPerHour], [Publish_MinimumViewCount], [Publish_KickScore], [Publish_CommentScore], [AdsenseID], [TrackingHtml], [AnnouncementHtml], [FeedBurnerMainRssFeedUrl], [FeedBurnerMainRssFeedCountHtml], [UseStaticRoot], [SmtpHost], [SmtpPort], [SmtpUsername], [SmtpPassword], [SmtpEnableSsl]) VALUES (1, N'localhost:8080', N'http://localhost:8080', N'localhost:8080', N'localhost:8080 is a testbed of a community based  news site edited by our members (we have only one).', N'Test news, with no real community', N'', '2007-07-06T00:00:00', N'http://blog.incremental.ie/', N'gavin@incremental.ie', N'Default', 1, N'EN', N'EN', 0, 300, 8, 2, 0, 0, 0, 0, 0, 5, 2, N'pub-2786188635346157', N'', N'', N'', N'', 0, N'smtp.domain.com', 25, N'username', N'password', 0)
INSERT INTO [dbo].[Kick_Host] ([HostID], [HostName], [RootUrl], [SiteTitle], [SiteDescription], [TagLine], [LogoPath], [CreatedOn], [BlogUrl], [Email], [Template], [ShowAds], [Culture], [UICulture], [Publish_MinimumStoryAgeInHours], [Publish_MaximumStoryAgeInHours], [Publish_MaximumSimultaneousStoryPublishCount], [Publish_MinimumStoryScore], [Publish_MinimumStoryKickCount], [Publish_MinimumStoryCommentCount], [Publish_MinimumAverageStoryKicksPerHour], [Publish_MinimunAverageCommentsPerHour], [Publish_MinimumViewCount], [Publish_KickScore], [Publish_CommentScore], [AdsenseID], [TrackingHtml], [AnnouncementHtml], [FeedBurnerMainRssFeedUrl], [FeedBurnerMainRssFeedCountHtml], [UseStaticRoot], [SmtpHost], [SmtpPort], [SmtpUsername], [SmtpPassword], [SmtpEnableSsl]) VALUES (2, N'localhost:9090', N'http://localhost:9090', N'localhost:9090', N'localhost:9090 is a testbed of a community based  news site edited by our members (we have only one).', N'Test news, with no real community', N'', '2007-07-06T00:00:00', N'http://blog.incremental.ie/', N'gavin@incremental.ie', N'Default', 1, N'EN', N'EN', 0, 300, 8, 2, 0, 0, 0, 0, 0, 5, 2, N'pub-2786188635346157', N'', N'', N'', N'', 0, N'smtp.domain2.com', 25, N'username2', N'password2', 1)
SET IDENTITY_INSERT [dbo].[Kick_Host] OFF
GO

-- [dbo].[Kick_Setting] (3 rows)

INSERT INTO [dbo].[Kick_Setting] ([Name], [Value]) VALUES (N'Security.Cipher.PassPhrase', N'TODO**change')
INSERT INTO [dbo].[Kick_Setting] ([Name], [Value]) VALUES (N'Security.Cipher.Salt', N'TODO**change')
INSERT INTO [dbo].[Kick_Setting] ([Name], [Value]) VALUES (N'Security.Cipher.InitVector', N'abcdefghijklmnop')

GO

-- [dbo].[Kick_Shout] (6 rows)
SET IDENTITY_INSERT [dbo].[Kick_Shout] ON
INSERT INTO [dbo].[Kick_Shout] ([ShoutID], [FromUserID], [ToUserID], [HostID], [Message], [CreatedOn], [IsSpam]) VALUES (50, 3, NULL, 1, N'Shout 1', '2007-09-16T16:00:33', 0)
INSERT INTO [dbo].[Kick_Shout] ([ShoutID], [FromUserID], [ToUserID], [HostID], [Message], [CreatedOn], [IsSpam]) VALUES (51, 3, NULL, 1, N'Shout 2', '2007-09-16T16:00:35', 0)
INSERT INTO [dbo].[Kick_Shout] ([ShoutID], [FromUserID], [ToUserID], [HostID], [Message], [CreatedOn], [IsSpam]) VALUES (52, 3, NULL, 1, N'Shout 3', '2007-09-16T16:00:37', 0)
INSERT INTO [dbo].[Kick_Shout] ([ShoutID], [FromUserID], [ToUserID], [HostID], [Message], [CreatedOn], [IsSpam]) VALUES (53, 3, NULL, 1, N'Shout 4', '2007-09-16T16:00:40', 0)
INSERT INTO [dbo].[Kick_Shout] ([ShoutID], [FromUserID], [ToUserID], [HostID], [Message], [CreatedOn], [IsSpam]) VALUES (54, 3, NULL, 1, N'Shout 5', '2007-09-16T16:00:43', 0)
INSERT INTO [dbo].[Kick_Shout] ([ShoutID], [FromUserID], [ToUserID], [HostID], [Message], [CreatedOn], [IsSpam]) VALUES (55, 3, NULL, 1, N'Shout 6', '2007-09-16T16:00:45', 0)
SET IDENTITY_INSERT [dbo].[Kick_Shout] OFF
GO

-- [dbo].[Kick_Story] (43 rows)
SET IDENTITY_INSERT [dbo].[Kick_Story] ON
INSERT INTO [dbo].[Kick_Story] ([StoryID], [HostID], [StoryIdentifier], [Title], [Description], [Url], [CategoryID], [UserID], [KickCount], [SpamCount], [ViewCount], [CommentCount], [IsPublishedToHomepage], [IsSpam], [AdsenseID], [CreatedOn], [PublishedOn]) VALUES (1, 1, N'Harrington_wins_Open_in_play_off', N'Harrington wins Open in play-off', N'Padraig Harrington pipped Sergio Garcia in a four-hole play-off to clinch the 136th Open Championship at Carnoustie after one of the most dramatic finishes in recent years.

The Irishman won his maiden major title despite blowing a one-shot lead in the Barry Burn in regulation play in scenes reminiscent of Jean van de Velde''s infamous collapse in 1999. ', N'http://news.bbc.co.uk/sport2/hi/golf/6911072.stm', 5, 1, 3, 0, 0, 1, 1, 0, N'', '2007-09-12T17:37:21', '2007-09-16T15:58:17')
INSERT INTO [dbo].[Kick_Story] ([StoryID], [HostID], [StoryIdentifier], [Title], [Description], [Url], [CategoryID], [UserID], [KickCount], [SpamCount], [ViewCount], [CommentCount], [IsPublishedToHomepage], [IsSpam], [AdsenseID], [CreatedOn], [PublishedOn]) VALUES (2, 1, N'Donald_declines_Seve_Trophy_spot', N'Donald declines Seve Trophy spot', N'Luke Donald has withdrawn from the GB &amp; Ireland team to defend the Seve Trophy against Continental Europe.

Donald, who is not happy with his form at present, has also declined to play for England in November''s World Cup. ', N'http://news.bbc.co.uk/sport2/hi/golf/6991822.stm', 5, 1, 1, 0, 0, 0, 0, 0, N'', '2007-09-12T17:38:40', '2007-09-12T17:38:40')
INSERT INTO [dbo].[Kick_Story] ([StoryID], [HostID], [StoryIdentifier], [Title], [Description], [Url], [CategoryID], [UserID], [KickCount], [SpamCount], [ViewCount], [CommentCount], [IsPublishedToHomepage], [IsSpam], [AdsenseID], [CreatedOn], [PublishedOn]) VALUES (3, 1, N'Roy_Keane_back_at_Old_Trafford', N'Roy Keane back at Old Trafford', N'Roy Keane was famed for his ferocious and single-minded determination during his celebrated playing days as Manchester United''s midfield enforcer.

The 36-year-old will stride back into Old Trafford on Saturday for the first time as a manager with his Sunderland chairman Niall Quinn hoping Keane can create a similarly successful legacy as boss at the Stadium of Light. ', N'http://news.bbc.co.uk/sport2/hi/football/teams/s/sunderland/6967278.stm', 2, 1, 1, 0, 0, 0, 0, 0, N'', '2007-09-12T17:39:55', '2007-09-12T17:39:55')
INSERT INTO [dbo].[Kick_Story] ([StoryID], [HostID], [StoryIdentifier], [Title], [Description], [Url], [CategoryID], [UserID], [KickCount], [SpamCount], [ViewCount], [CommentCount], [IsPublishedToHomepage], [IsSpam], [AdsenseID], [CreatedOn], [PublishedOn]) VALUES (4, 1, N'Abramovich_Euro_cash_story_denied', N'Abramovich Euro cash story denied', N'Chelsea have dismissed reports that owner Roman Abramovich has offered Russia''s players a financial incentive to beat England at Wembley.

The two nations meet in a crucial Euro 2008 qualifier on Wednesday.

And reports claimed the Russian players would receive &#163;40,000 if they were to defeat Steve McClaren''s men. ', N'http://news.bbc.co.uk/sport2/hi/football/teams/c/chelsea/6991315.stm', 2, 1, 1, 0, 0, 0, 0, 0, N'', '2007-09-12T17:41:36', '2007-09-12T17:41:36')
INSERT INTO [dbo].[Kick_Story] ([StoryID], [HostID], [StoryIdentifier], [Title], [Description], [Url], [CategoryID], [UserID], [KickCount], [SpamCount], [ViewCount], [CommentCount], [IsPublishedToHomepage], [IsSpam], [AdsenseID], [CreatedOn], [PublishedOn]) VALUES (5, 1, N'Powell_smashes_100m_world_record', N'Powell smashes 100m world record', N'Jamaican Asafa Powell broke the world 100m record by clocking 9.74 secs at the IAAF Grand Prix in Rieti, Italy.

Powell, bronze medallist at the recent World Championships, set the new record in the second of two heats.

The race was run with a strong following wind but it was within the limits set by athletics''s governing body, the IAAF. ', N'http://news.bbc.co.uk/sport2/hi/athletics/6986250.stm', 1, 1, 1, 0, 0, 0, 0, 0, N'', '2007-09-12T17:43:22', '2007-09-12T17:43:22')
INSERT INTO [dbo].[Kick_Story] ([StoryID], [HostID], [StoryIdentifier], [Title], [Description], [Url], [CategoryID], [UserID], [KickCount], [SpamCount], [ViewCount], [CommentCount], [IsPublishedToHomepage], [IsSpam], [AdsenseID], [CreatedOn], [PublishedOn]) VALUES (6, 1, N'Higgins_enters_Dublin_tournament', N'Higgins enters Dublin tournament', N'Alex Higgins will return to competitive action when he plays Fergal O''Brien in the VC Poker Irish Professional Championship in Dublin on 26 September.

The 58-year-old two-times former world champion has not competed since last year''s Irish tournament. ', N'http://news.bbc.co.uk/sport2/hi/other_sports/snooker/6978419.stm', 10, 1, 1, 0, 0, 0, 0, 0, N'', '2007-09-12T17:46:00', '2007-09-12T17:46:00')
INSERT INTO [dbo].[Kick_Story] ([StoryID], [HostID], [StoryIdentifier], [Title], [Description], [Url], [CategoryID], [UserID], [KickCount], [SpamCount], [ViewCount], [CommentCount], [IsPublishedToHomepage], [IsSpam], [AdsenseID], [CreatedOn], [PublishedOn]) VALUES (7, 1, N'O_Sullivan_accepts_walk_out_fine', N'O''Sullivan accepts walk-out fine', N'Ronnie O''Sullivan will not appeal against the &#163;20,800 fine he was handed for his walk-out at the Maplin UK Championship in December 2006.', N'http://news.bbc.co.uk/sport2/hi/other_sports/snooker/6270926.stm', 10, 1, 4, 0, 0, 0, 1, 0, N'', '2007-09-12T17:58:43', '2007-09-16T15:24:28')
INSERT INTO [dbo].[Kick_Story] ([StoryID], [HostID], [StoryIdentifier], [Title], [Description], [Url], [CategoryID], [UserID], [KickCount], [SpamCount], [ViewCount], [CommentCount], [IsPublishedToHomepage], [IsSpam], [AdsenseID], [CreatedOn], [PublishedOn]) VALUES (8, 1, N'Federer_wins_fourth_US_Open_title', N'Federer wins fourth US Open title', N'World number one Roger Federer won a fourth consecutive US Open title with a hard-fought 7-6 (7-4) 7-6 (7-2) 6-4 victory over Novak Djokovic.

The Swiss star trailed by a break in each set but Djokovic faltered at key moments in his first Grand Slam final. ', N'http://news.bbc.co.uk/sport2/hi/tennis/6985663.stm', 9, 1, 1, 0, 0, 0, 0, 0, N'', '2007-09-12T18:00:17', '2007-09-12T18:00:17')
INSERT INTO [dbo].[Kick_Story] ([StoryID], [HostID], [StoryIdentifier], [Title], [Description], [Url], [CategoryID], [UserID], [KickCount], [SpamCount], [ViewCount], [CommentCount], [IsPublishedToHomepage], [IsSpam], [AdsenseID], [CreatedOn], [PublishedOn]) VALUES (9, 1, N'Federer_focuses_on_Sampras_record', N'Federer focuses on Sampras record', N'Roger Federer admitted he was starting to think about the all-time record for Grand Slam victories after claiming his 12th at the US Open on Sunday.', N'http://news.bbc.co.uk/sport2/hi/tennis/6986524.stm', 9, 1, 3, 0, 0, 1, 1, 0, N'', '2007-09-12T18:04:50', '2007-09-16T15:58:06')
INSERT INTO [dbo].[Kick_Story] ([StoryID], [HostID], [StoryIdentifier], [Title], [Description], [Url], [CategoryID], [UserID], [KickCount], [SpamCount], [ViewCount], [CommentCount], [IsPublishedToHomepage], [IsSpam], [AdsenseID], [CreatedOn], [PublishedOn]) VALUES (10, 1, N'Hiddink_sparks_Russian_revolution', N'Hiddink sparks Russian revolution', N'Hiddink has taught the young Russian team to throw aside pre-conceived conceptions of world ranking when they face opponents supposedly better than them.', N'http://news.bbc.co.uk/sport2/hi/football/internationals/6989730.stm', 2, 1, 1, 0, 0, 0, 0, 0, N'', '2007-09-12T18:07:50', '2007-09-12T18:07:50')
INSERT INTO [dbo].[Kick_Story] ([StoryID], [HostID], [StoryIdentifier], [Title], [Description], [Url], [CategoryID], [UserID], [KickCount], [SpamCount], [ViewCount], [CommentCount], [IsPublishedToHomepage], [IsSpam], [AdsenseID], [CreatedOn], [PublishedOn]) VALUES (13, 1, N'France_0_1_Scotland', N'France 0-1 Scotland', N'Scotland secured an incredible Euro 2008 double over France courtesy of a James McFadden strike in Paris.

The French threw everything at the Scots in the Group B qualifier in the Parc des Princes but could not find a way past goalkeeper Craig Gordon. ', N'http://news.bbc.co.uk/sport2/hi/football/internationals/6986781.stm', 2, 5, 5, 0, 0, 1, 1, 0, N'', '2007-09-12T22:43:45', '2007-09-16T15:24:28')
INSERT INTO [dbo].[Kick_Story] ([StoryID], [HostID], [StoryIdentifier], [Title], [Description], [Url], [CategoryID], [UserID], [KickCount], [SpamCount], [ViewCount], [CommentCount], [IsPublishedToHomepage], [IsSpam], [AdsenseID], [CreatedOn], [PublishedOn]) VALUES (14, 1, N'England_3_0_Russia', N'England 3-0 Russia', N'A Michael Owen brace helped a vibrant England to a vital win over their main Euro 2008 qualifying rivals Russia.

Owen was composure epitomised as Gareth Barry''s cross fell to him 10 yards out and he sidefooted a strike in off the post to give England an early lead. ', N'http://news.bbc.co.uk/sport2/hi/football/internationals/6988226.stm', 2, 5, 5, 0, 0, 0, 1, 0, N'', '2007-09-12T22:44:31', '2007-09-16T15:24:28')
INSERT INTO [dbo].[Kick_Story] ([StoryID], [HostID], [StoryIdentifier], [Title], [Description], [Url], [CategoryID], [UserID], [KickCount], [SpamCount], [ViewCount], [CommentCount], [IsPublishedToHomepage], [IsSpam], [AdsenseID], [CreatedOn], [PublishedOn]) VALUES (15, 1, N'Czech_Republic_1_0_Rep_of_Ireland', N'Czech Republic 1-0 Rep of Ireland', N'The Republic of Ireland''s chances of qualifying of Euro 2008 look to be over after they lost against the Czech Republic despite a battling display.

Marek Jankulovski fired the dominant Czechs ahead in the 15th minute. ', N'http://news.bbc.co.uk/sport2/hi/football/internationals/6992042.stm', 2, 5, 4, 0, 0, 0, 1, 0, N'', '2007-09-12T22:45:20', '2007-09-16T14:18:57')
INSERT INTO [dbo].[Kick_Story] ([StoryID], [HostID], [StoryIdentifier], [Title], [Description], [Url], [CategoryID], [UserID], [KickCount], [SpamCount], [ViewCount], [CommentCount], [IsPublishedToHomepage], [IsSpam], [AdsenseID], [CreatedOn], [PublishedOn]) VALUES (16, 1, N'Staunton_defiant_despite_defeat', N'Staunton defiant despite defeat', N'Republic of Ireland boss Steve Staunton remained defiant despite his team''s 1-0 defeat by the Czech Republic on Wednesday night.

The result looks to have ended the Irish team''s hopes of qualification for the Euro 2008 Finals.

&quot;We are in a building process. I said that from day one. It''s coming along nicely,&quot; said the Irish manager. ', N'http://news.bbc.co.uk/sport2/hi/football/internationals/6992307.stm', 2, 5, 4, 0, 0, 1, 1, 0, N'', '2007-09-12T22:46:23', '2007-09-16T14:18:57')
INSERT INTO [dbo].[Kick_Story] ([StoryID], [HostID], [StoryIdentifier], [Title], [Description], [Url], [CategoryID], [UserID], [KickCount], [SpamCount], [ViewCount], [CommentCount], [IsPublishedToHomepage], [IsSpam], [AdsenseID], [CreatedOn], [PublishedOn]) VALUES (17, 1, N'Cabrera_heads_elite_field_at_Mercedes_Benz_Championship', N'Cabrera heads elite field at Mercedes-Benz Championship', N'US Open Champion Angel Cabrera heads an elite 78 man field, including 27 winners from The 2007 European Tour International Schedule, for this week’s Mercedes-Benz Championship at Golf Club Gut L&#228;rchenhof on the outskirts of Cologne.', N'http://www.europeantour.com/default.sps?pageid=127&pagegid=%7BAEFB93B0%2DEFF5%2D4C05%2DAB0F%2DFD08D947D944%7D&infosid=3&eventid=2007078&reportid=58875', 5, 8, 4, 0, 0, 1, 1, 0, N'', '2007-09-12T22:48:09', '2007-09-16T14:18:57')
INSERT INTO [dbo].[Kick_Story] ([StoryID], [HostID], [StoryIdentifier], [Title], [Description], [Url], [CategoryID], [UserID], [KickCount], [SpamCount], [ViewCount], [CommentCount], [IsPublishedToHomepage], [IsSpam], [AdsenseID], [CreatedOn], [PublishedOn]) VALUES (18, 1, N'England_0_36_South_Africa', N'England 0-36 South Africa', N'South Africa dealt England''s chances of defending the World Cup a major blow as they destroyed the reigning champions.

England trailed 20-0 at half-time as the Boks scored tries through Juan Smith and JP Pietersen in Paris.

South Africa continued to dominate after the break and Pietersen collected his second try, while Percy Montgomery kicked 18 points in all. ', N'http://news.bbc.co.uk/sport2/hi/rugby_union/english/6994767.stm', 7, 3, 3, 0, 0, 2, 1, 0, N'', '2007-09-15T13:40:32', '2007-09-16T14:18:57')
INSERT INTO [dbo].[Kick_Story] ([StoryID], [HostID], [StoryIdentifier], [Title], [Description], [Url], [CategoryID], [UserID], [KickCount], [SpamCount], [ViewCount], [CommentCount], [IsPublishedToHomepage], [IsSpam], [AdsenseID], [CreatedOn], [PublishedOn]) VALUES (19, 1, N'Woods_maintains_lead_in_Atlanta', N'Woods maintains lead in Atlanta', N'World number one Tiger Woods fired a six-under 64 to remain three shots clear of the field going into the final round of the Tour Championship.

Woods, who is chasing his fourth win in five starts, is on 19 under at the East Lake Golf Club in Atlanta with Mark Calcavecchia lying in second.

Calcavecchia fired a 63 to keep the pressure on Woods and briefly tied for the lead with an eagle on the 15th.

Sergio Garcia is two shots further back while Padraig Harrington is 10 under.', N'http://news.bbc.co.uk/sport2/hi/golf/6997128.stm', 5, 12, 2, 0, 0, 0, 0, 0, N'', '2007-09-16T14:24:50', '2007-09-16T14:24:50')
INSERT INTO [dbo].[Kick_Story] ([StoryID], [HostID], [StoryIdentifier], [Title], [Description], [Url], [CategoryID], [UserID], [KickCount], [SpamCount], [ViewCount], [CommentCount], [IsPublishedToHomepage], [IsSpam], [AdsenseID], [CreatedOn], [PublishedOn]) VALUES (20, 1, N'Europe_battle_back_against_USA', N'Europe battle back against USA', N'Europe fought back strongly late on after gale-force winds delayed play for two hours on the second day of the Solheim Cup in Halmstad, Sweden.

The US still hold a one-point lead but Europe lead in three of the four unfinished fourballs matches.

Europe staged a comeback to share the morning foursomes. ', N'http://news.bbc.co.uk/sport2/hi/golf/6996191.stm', 5, 12, 1, 0, 0, 0, 0, 0, N'', '2007-09-16T14:25:30', '2007-09-16T14:25:30')
INSERT INTO [dbo].[Kick_Story] ([StoryID], [HostID], [StoryIdentifier], [Title], [Description], [Url], [CategoryID], [UserID], [KickCount], [SpamCount], [ViewCount], [CommentCount], [IsPublishedToHomepage], [IsSpam], [AdsenseID], [CreatedOn], [PublishedOn]) VALUES (21, 1, N'McLaren_came_close_to_exclusion', N'McLaren ''came close to exclusion''', N'Formula One boss Bernie Ecclestone says McLaren were &quot;minutes away&quot; from being thrown out of the World Championships of 2007 and 2008 because of ''spygate''.

McLaren were fined &#163;49.2m and lost their points in the constructors'' championship after being found guilty of receiving data from a Ferrari spy.

But Ecclestone told the BBC: &quot;It came very close to McLaren being thrown out, it really was a genuine possibility. ', N'http://news.bbc.co.uk/sport2/hi/motorsport/formula_one/6995594.stm', 8, 12, 2, 0, 0, 0, 0, 0, N'', '2007-09-16T14:26:51', '2007-09-16T14:26:51')
INSERT INTO [dbo].[Kick_Story] ([StoryID], [HostID], [StoryIdentifier], [Title], [Description], [Url], [CategoryID], [UserID], [KickCount], [SpamCount], [ViewCount], [CommentCount], [IsPublishedToHomepage], [IsSpam], [AdsenseID], [CreatedOn], [PublishedOn]) VALUES (22, 1, N'Motorsport_pays_tribute_to_McRae', N'Motorsport pays tribute to McRae', N'The world of motorsport has paid tribute to former world rally champion Colin McRae, who has died along with his young son in a helicopter crash.

David Richards, McRae''s former boss at Subaru, said the 39-year-old Scot will be remembered for his winning attitude.

Richards said: &quot;He had a competitive spirit like I''ve never seen in any other individual in my life. ', N'http://news.bbc.co.uk/sport2/hi/motorsport/6997241.stm', 8, 12, 1, 0, 0, 0, 0, 0, N'', '2007-09-16T14:27:31', '2007-09-16T14:27:31')
INSERT INTO [dbo].[Kick_Story] ([StoryID], [HostID], [StoryIdentifier], [Title], [Description], [Url], [CategoryID], [UserID], [KickCount], [SpamCount], [ViewCount], [CommentCount], [IsPublishedToHomepage], [IsSpam], [AdsenseID], [CreatedOn], [PublishedOn]) VALUES (23, 1, N'Sunderland_2_1_Reading', N'Sunderland 2-1 Reading', N'Sunderland''s &#163;6m striker Kenwyne Jones inspired his side to victory against Reading on a moving day for the Black Cats at the Stadium of Light.

Prior to kick off they paid their respects to 1973 FA Cup-winning scorer Ian Porterfield, who died on Tuesday.

Jones opened the scoring with his first Sunderland goal, a brilliant turn and sizzling finish from 25 yards out.

He laid on a second for Ross Wallace to slot home, before Dave Kitson headed home a late consolation for Reading.', N'http://news.bbc.co.uk/sport2/hi/football/eng_prem/6984883.stm', 2, 12, 5, 0, 0, 1, 1, 0, N'', '2007-09-16T14:29:56', '2007-09-16T15:24:28')
INSERT INTO [dbo].[Kick_Story] ([StoryID], [HostID], [StoryIdentifier], [Title], [Description], [Url], [CategoryID], [UserID], [KickCount], [SpamCount], [ViewCount], [CommentCount], [IsPublishedToHomepage], [IsSpam], [AdsenseID], [CreatedOn], [PublishedOn]) VALUES (24, 1, N'Everton_0_1_Man_Utd', N'Everton 0-1 Man Utd', N'Nemanja Vidic''s late header gave Manchester United victory in a tight encounter with Everton.

The home side and United were closely matched until Vidic arrived at the near post to power home Nani''s corner after 83 minutes to seal a crucial win.

Paul Scholes had earlier wasted United''s best opportunity, volleying over from 10 yards.

But he rescued United just after half-time when he scrambled Andrew Johnson''s header off the line.', N'http://news.bbc.co.uk/sport2/hi/football/eng_prem/6984880.stm', 2, 12, 2, 0, 0, 0, 0, 0, N'', '2007-09-16T14:34:30', '2007-09-16T14:34:30')
INSERT INTO [dbo].[Kick_Story] ([StoryID], [HostID], [StoryIdentifier], [Title], [Description], [Url], [CategoryID], [UserID], [KickCount], [SpamCount], [ViewCount], [CommentCount], [IsPublishedToHomepage], [IsSpam], [AdsenseID], [CreatedOn], [PublishedOn]) VALUES (25, 1, N'West_Ham_3_0_Middlesbrough', N'West Ham 3-0 Middlesbrough', N'Dean Ashton scored his first goal since the 2006 FA Cup final to help West Ham to victory at the expense of Middlesbrough at Upton Park.

Bowyer opened the scoring after the restart when he picked up Carlton Cole''s ball and fired in a low volley.

West Ham made it 2-0 when Cole curled in a low cross that Luke Young could only poke into his own net.

Ashton rounded off the scoring when he tapped in Matthew Etherington''s teasing ball from the left.', N'http://news.bbc.co.uk/sport2/hi/football/eng_prem/6984885.stm', 2, 12, 1, 0, 0, 0, 0, 0, N'', '2007-09-16T14:34:56', '2007-09-16T14:34:56')
INSERT INTO [dbo].[Kick_Story] ([StoryID], [HostID], [StoryIdentifier], [Title], [Description], [Url], [CategoryID], [UserID], [KickCount], [SpamCount], [ViewCount], [CommentCount], [IsPublishedToHomepage], [IsSpam], [AdsenseID], [CreatedOn], [PublishedOn]) VALUES (26, 1, N'Portsmouth_0_0_Liverpool', N'Portsmouth 0-0 Liverpool', N'Goalkeeper Pepe Reina saved a penalty but Liverpool slipped off the top of the Premier League after they were held to a draw at Portsmouth.

Reina dived low to his right to save Kanu''s penalty, after Alvaro Arbeloa had tugged the Nigerian''s shirt.

Portsmouth were impressive and John Utaka should have at least hit the target from 14 yards.

Andriy Voronin grazed the Pompey crossbar, while David James saved from Yossi Benayoun and Peter Crouch.', N'http://news.bbc.co.uk/sport2/hi/football/eng_prem/6984881.stm', 2, 12, 1, 0, 0, 0, 0, 0, N'', '2007-09-16T14:35:12', '2007-09-16T14:35:12')
INSERT INTO [dbo].[Kick_Story] ([StoryID], [HostID], [StoryIdentifier], [Title], [Description], [Url], [CategoryID], [UserID], [KickCount], [SpamCount], [ViewCount], [CommentCount], [IsPublishedToHomepage], [IsSpam], [AdsenseID], [CreatedOn], [PublishedOn]) VALUES (27, 1, N'Tottenham_1_3_Arsenal', N'Tottenham 1-3 Arsenal', N'Emmanuel Adebayor scored twice as Arsenal came from behind to beat Spurs and go top of the Premier League.

Gareth Bale curled in a 15th-minute free-kick to put Tottenham ahead before Paul Robinson twice denied Adebayor.

Abou Diaby hit the bar as Arsenal pushed on, then Dimitar Berbatov was thwarted by a last-ditch Kolo Toure tackle and Adebayor blazed over.

Arsenal equalised when Adebayor nodded in before Cesc Fabregas'' drive put them ahead and Adebayor volleyed a third.', N'http://news.bbc.co.uk/sport2/hi/football/eng_prem/6984884.stm', 2, 12, 2, 0, 0, 0, 0, 0, N'', '2007-09-16T14:35:32', '2007-09-16T14:35:32')
INSERT INTO [dbo].[Kick_Story] ([StoryID], [HostID], [StoryIdentifier], [Title], [Description], [Url], [CategoryID], [UserID], [KickCount], [SpamCount], [ViewCount], [CommentCount], [IsPublishedToHomepage], [IsSpam], [AdsenseID], [CreatedOn], [PublishedOn]) VALUES (28, 1, N'Wigan_1_1_Fulham', N'Wigan 1-1 Fulham', N'Jason Koumas scored on his 300th league appearance to snatch an unlikely point for a below-par Wigan.

On 11 minutes, Clint Dempsey got on to the end of a Diomansy Kamara cross and fired home to put Fulham ahead.

Wigan had already been rocked two minutes earlier when striker Emile Heskey was forced off injured.

After the break, Chris Kirkland saved well to deny Dempsey before Koumas confidently slotted home a penalty after Mario Melchiot had been fouled.', N'http://news.bbc.co.uk/sport2/hi/football/eng_prem/6984886.stm', 2, 12, 1, 0, 0, 0, 0, 0, N'', '2007-09-16T14:35:56', '2007-09-16T14:35:56')
INSERT INTO [dbo].[Kick_Story] ([StoryID], [HostID], [StoryIdentifier], [Title], [Description], [Url], [CategoryID], [UserID], [KickCount], [SpamCount], [ViewCount], [CommentCount], [IsPublishedToHomepage], [IsSpam], [AdsenseID], [CreatedOn], [PublishedOn]) VALUES (29, 1, N'McGeeney_quits_intercounty_scene', N'McGeeney quits intercounty scene', N'Armagh star Kieran McGeeney has retired from intercounty football.

McGeeney, whose inspirational captaincy helped Armagh win the 2002 All-Ireland title, has informed his intercounty colleagues of his decision.

The 35-year-old''s decision to step away from the intercounty game is not a major surprise but his absence does signal a new era for Armagh football. ', N'http://news.bbc.co.uk/sport2/hi/northern_ireland/gaelic_games/6994842.stm', 6, 12, 2, 0, 0, 0, 0, 0, N'', '2007-09-16T14:36:35', '2007-09-16T14:36:35')
INSERT INTO [dbo].[Kick_Story] ([StoryID], [HostID], [StoryIdentifier], [Title], [Description], [Url], [CategoryID], [UserID], [KickCount], [SpamCount], [ViewCount], [CommentCount], [IsPublishedToHomepage], [IsSpam], [AdsenseID], [CreatedOn], [PublishedOn]) VALUES (30, 1, N'Glenullin_through_to_semi_finals', N'Glenullin through to semi-finals', N'Glenullin won through to the last four of the Elk Derry SFC by beating Magherafelt 2-11 to 0-12 at Swatragh on Sunday night.

Eoin Bradley and Ruairi Boylan were the goalscorers for Glenullin and both players ended with a tally of 1-3.

Bradley netted after just 10 minutes and his side led 1-4 to 0-5 at the break before Boylan scored his goal five minutes into the second half. ', N'http://news.bbc.co.uk/sport2/hi/northern_ireland/gaelic_games/6985569.stm', 6, 12, 1, 0, 0, 0, 0, 0, N'', '2007-09-16T14:37:58', '2007-09-16T14:37:58')
INSERT INTO [dbo].[Kick_Story] ([StoryID], [HostID], [StoryIdentifier], [Title], [Description], [Url], [CategoryID], [UserID], [KickCount], [SpamCount], [ViewCount], [CommentCount], [IsPublishedToHomepage], [IsSpam], [AdsenseID], [CreatedOn], [PublishedOn]) VALUES (31, 1, N'Wales_worry_over_Thomas_Parker', N'Wales worry over Thomas &amp; Parker', N'Wales should find out on Sunday if injuries to Gareth Thomas and Sonny Parker have ended their World Cup.

The injuries could spell the end of the international careers of both, leaving Wales captain Thomas, 33, one cap short of 100 appearances for his team.

Both went off in the bruising first half of the 32-20 loss to Australia.

Scarlets centre Gavin Evans and Ospreys full-back Lee Byrne are expected to be called into the squad in their place, leaving Gavin Henson frustrated again.', N'http://news.bbc.co.uk/sport2/hi/rugby_union/welsh/6997416.stm', 7, 12, 1, 0, 0, 0, 0, 0, N'', '2007-09-16T14:39:02', '2007-09-16T14:39:02')
INSERT INTO [dbo].[Kick_Story] ([StoryID], [HostID], [StoryIdentifier], [Title], [Description], [Url], [CategoryID], [UserID], [KickCount], [SpamCount], [ViewCount], [CommentCount], [IsPublishedToHomepage], [IsSpam], [AdsenseID], [CreatedOn], [PublishedOn]) VALUES (32, 1, N'Ireland_14_10_Georgia', N'Ireland 14-10 Georgia', N'Below-par Ireland had to fight all the way to get a narrow victory over a determined Georgia in Bordeaux.

The anxious Irish had to withstand late pressure as they clung on for the win and there must be doubts over their chances of reaching the quarter-finals.

Ireland did get a decent start with Ulster hooker Rory Best scoring a try but Georgia led early in the second half after a try by Giorgi Shkinin.

Girvan Dempsey got over to restore the Irish lead in the 55th minute.

Ireland may well be relieved to have scraped through but their lack of form is bound to be a huge worry for coach Eddie O''Sullivan. ', N'http://news.bbc.co.uk/sport2/hi/rugby_union/irish/6995087.stm', 7, 12, 2, 0, 0, 0, 0, 0, N'', '2007-09-16T14:39:38', '2007-09-16T14:39:38')
INSERT INTO [dbo].[Kick_Story] ([StoryID], [HostID], [StoryIdentifier], [Title], [Description], [Url], [CategoryID], [UserID], [KickCount], [SpamCount], [ViewCount], [CommentCount], [IsPublishedToHomepage], [IsSpam], [AdsenseID], [CreatedOn], [PublishedOn]) VALUES (33, 1, N'O_Sullivan_upbeat_after_victory', N'O''Sullivan upbeat after victory', N'Ireland coach Eddie O''Sullivan focused on the positives in his team''s display despite labouring to a 14-10 win over minnows Georgia in the World Cup.

&quot;I think we were better than last week and that Georgia played really well,&quot; said O''Sullivan.

&quot;It wasn''t a phenomenal performance but we showed a lot of guts at the end to hold them out.

&quot;We''ve had two nerve-wracking games and I hope they stand us in good stead for the game (against France) in Paris.&quot;', N'http://news.bbc.co.uk/sport2/hi/rugby_union/irish/6997114.stm', 7, 12, 2, 0, 0, 0, 0, 0, N'', '2007-09-16T14:40:04', '2007-09-16T14:40:04')
INSERT INTO [dbo].[Kick_Story] ([StoryID], [HostID], [StoryIdentifier], [Title], [Description], [Url], [CategoryID], [UserID], [KickCount], [SpamCount], [ViewCount], [CommentCount], [IsPublishedToHomepage], [IsSpam], [AdsenseID], [CreatedOn], [PublishedOn]) VALUES (34, 1, N'Wales_20_32_Australia', N'Wales 20-32 Australia', N'Australia seized control of Pool B as they put Wales to the sword with a physical and dynamic show in Cardiff.

Their greater power told in a ruthless first half, Stirling Mortlock, Matt Giteau and Chris Latham scoring tries.

Gareth Thomas and Sonny Parker had been taken off following heavy tackles, but Wales fought back from their 25-3 half time deficit with a Jon Thomas try.

Hopes of a recovery were ended by Latham''s second try from a garryowen, Shane Williams scoring a consolation.', N'http://news.bbc.co.uk/sport2/hi/rugby_union/welsh/6995680.stm', 7, 12, 2, 0, 0, 0, 0, 0, N'', '2007-09-16T14:40:32', '2007-09-16T14:40:32')
INSERT INTO [dbo].[Kick_Story] ([StoryID], [HostID], [StoryIdentifier], [Title], [Description], [Url], [CategoryID], [UserID], [KickCount], [SpamCount], [ViewCount], [CommentCount], [IsPublishedToHomepage], [IsSpam], [AdsenseID], [CreatedOn], [PublishedOn]) VALUES (35, 1, N'Wales_paid_for_poor_start_Jones', N'Wales paid for poor start - Jones', N'Fly-half Stephen Jones bemoaned Wales'' sluggish start in the 32-20 loss to Australia at the Millennium Stadium.

&quot;We weren''t clever in the first half, there were a lot of errors and we weren''t efficient,&quot; said Jones.

&quot;We were confident going in, but we let them put in the big hits, slow our ball down, and turn us over.

&quot;That changed after the break and we caused them problems. We have to learn to play for 80 minutes, there''s more to come from us in this World Cup.&quot;', N'http://news.bbc.co.uk/sport2/hi/rugby_union/welsh/6996579.stm', 7, 12, 5, 0, 0, 0, 1, 0, N'', '2007-09-16T14:40:57', '2007-09-16T15:58:33')
INSERT INTO [dbo].[Kick_Story] ([StoryID], [HostID], [StoryIdentifier], [Title], [Description], [Url], [CategoryID], [UserID], [KickCount], [SpamCount], [ViewCount], [CommentCount], [IsPublishedToHomepage], [IsSpam], [AdsenseID], [CreatedOn], [PublishedOn]) VALUES (36, 1, N'Noon_out_but_hope_over_Robinson', N'Noon out but hope over Robinson', N'England centre Jamie Noon has been ruled out of the remainder of the World Cup with a knee ligament injury.

The Newcastle back is set to return home, but no decision has yet been made about a possible replacement.

But England still hope Jason Robinson will play some further part in the tournament, despite a hamstring strain.

And fly-halves Jonny Wilkinson (ankle) and Olly Barkley (hip) should be fit for Saturday''s must-win clash with Samoa, team doctor Simon Kemp revealed.

Noon and Robinson were both injured in England''s 36-0 defeat by South Africa on Friday and had scans on their respective injuries on Saturday. ', N'http://news.bbc.co.uk/sport2/hi/rugby_union/english/6996075.stm', 7, 12, 5, 0, 0, 0, 1, 0, N'', '2007-09-16T14:41:28', '2007-09-16T15:58:17')
INSERT INTO [dbo].[Kick_Story] ([StoryID], [HostID], [StoryIdentifier], [Title], [Description], [Url], [CategoryID], [UserID], [KickCount], [SpamCount], [ViewCount], [CommentCount], [IsPublishedToHomepage], [IsSpam], [AdsenseID], [CreatedOn], [PublishedOn]) VALUES (37, 1, N'Davenport_seals_title_on_return', N'Davenport seals title on return', N'Lindsay Davenport beat second seed Daniela Hantuchova 6-4 3-6 6-2 to win the Bali Classic on Sunday.

The 31-year-old American was playing her first singles event in almost a year, just three months after giving birth to son Jagger. ', N'http://news.bbc.co.uk/sport2/hi/tennis/6997435.stm', 9, 12, 1, 0, 0, 0, 0, 0, N'', '2007-09-16T14:42:41', '2007-09-16T14:42:41')
INSERT INTO [dbo].[Kick_Story] ([StoryID], [HostID], [StoryIdentifier], [Title], [Description], [Url], [CategoryID], [UserID], [KickCount], [SpamCount], [ViewCount], [CommentCount], [IsPublishedToHomepage], [IsSpam], [AdsenseID], [CreatedOn], [PublishedOn]) VALUES (38, 1, N'Murray_wary_of_Davis_Cup_demands', N'Murray wary of Davis Cup demands', N'Andy Murray has admitted he may have to restrict his participation in the Davis Cup in order to guard against injuries.

The 20-year-old has expressed concerns in the past about the effect on his form and fitness of switching surfaces to play for Great Britain.

&quot;It''s not that I don''t want to play Davis Cup. I love it, but I''m hurting myself playing it,&quot; said the Scot. ', N'http://news.bbc.co.uk/sport2/hi/tennis/6996154.stm', 9, 12, 4, 0, 0, 0, 1, 0, N'', '2007-09-16T14:42:57', '2007-09-16T15:58:33')
INSERT INTO [dbo].[Kick_Story] ([StoryID], [HostID], [StoryIdentifier], [Title], [Description], [Url], [CategoryID], [UserID], [KickCount], [SpamCount], [ViewCount], [CommentCount], [IsPublishedToHomepage], [IsSpam], [AdsenseID], [CreatedOn], [PublishedOn]) VALUES (39, 1, N'Kuznetsova_wraps_up_Fed_Cup_win', N'Kuznetsova wraps up Fed Cup win', N'Russia secured their third Fed Cup win in four years as Svetlana Kuznetsova held off Italy''s Francesca Schiavone for an unassailable 3-0 lead in Moscow.

The world number two saved two match points in the second set tie-break before hitting back to win 4-6 7-6 7-5. ', N'http://news.bbc.co.uk/sport2/hi/tennis/6996692.stm', 9, 12, 4, 0, 0, 0, 1, 0, N'', '2007-09-16T14:43:17', '2007-09-16T15:58:17')
INSERT INTO [dbo].[Kick_Story] ([StoryID], [HostID], [StoryIdentifier], [Title], [Description], [Url], [CategoryID], [UserID], [KickCount], [SpamCount], [ViewCount], [CommentCount], [IsPublishedToHomepage], [IsSpam], [AdsenseID], [CreatedOn], [PublishedOn]) VALUES (40, 1, N'Raikkonen_clinches_Belgian_GP_win', N'Raikkonen clinches Belgian GP win', N'Fernando Alonso cut McLaren team-mate Lewis Hamilton''s world championship lead to two points as Kimi Raikkonen took a dominant win at the Belgian GP.

Raikkonen led from start to finish to head Felipe Massa in a Ferrari one-two.

Alonso and Hamilton briefly disputed third place on the opening lap before the world champion edged ahead to leave the Englishman to finish in fourth. ', N'http://news.bbc.co.uk/sport2/hi/motorsport/formula_one/6997551.stm', 8, 12, 5, 0, 0, 0, 1, 0, N'', '2007-09-16T14:44:16', '2007-09-16T15:24:28')
INSERT INTO [dbo].[Kick_Story] ([StoryID], [HostID], [StoryIdentifier], [Title], [Description], [Url], [CategoryID], [UserID], [KickCount], [SpamCount], [ViewCount], [CommentCount], [IsPublishedToHomepage], [IsSpam], [AdsenseID], [CreatedOn], [PublishedOn]) VALUES (41, 1, N'Keane_calls_for_patience_from_fans', N'Keane calls for patience from fans', N'Sunderland boss Roy Keane has called for patience as he attempts to build a side capable of making a genuine impact in the Barclays Premier League.

Twelve new faces arrived at the Stadium of Light this summer as Keane continued a major overhaul of the club which handed him the chance to cut his teeth as a boss with a &#163;35million-plus spending spree.

Both he and chairman Niall Quinn are confident in the face of claims they paid inflated prices for some of their acquisitions that their investment will prove astute over the years to come.', N'http://rte.ie/sport/soccer/2007/0916/keane.html', 2, 4, 5, 0, 0, 0, 1, 0, N'', '2007-09-16T15:34:41', '2007-09-16T15:58:06')
INSERT INTO [dbo].[Kick_Story] ([StoryID], [HostID], [StoryIdentifier], [Title], [Description], [Url], [CategoryID], [UserID], [KickCount], [SpamCount], [ViewCount], [CommentCount], [IsPublishedToHomepage], [IsSpam], [AdsenseID], [CreatedOn], [PublishedOn]) VALUES (42, 1, N'Raikkonen_completes_Belgian_hat_trick', N'Raikkonen completes Belgian hat-trick', N'Kimi Raikkonen won the Belgian Grand Prix for the third time in a row, leading a Ferrari one-two to revive his title challenge.

Brazilian Felipe Massa finished second, 4.6 seconds behind the Finn, with McLaren''s double world champion Fernando Alonso third to cut team mate Lewis Hamilton''s overall lead to two points.

With three races remaining, 22-year-old British rookie Hamilton has 97 points to Spaniard Alonso''s 95. Raikkonen, celebrating his 13th career win and fourth of the year, is on 84 with Massa taking his tally to 77.', N'http://rte.ie/sport/motorsport/2007/0916/belgiangp.html', 8, 4, 5, 0, 0, 0, 1, 0, N'', '2007-09-16T15:35:10', '2007-09-16T15:58:06')
GO
INSERT INTO [dbo].[Kick_Story] ([StoryID], [HostID], [StoryIdentifier], [Title], [Description], [Url], [CategoryID], [UserID], [KickCount], [SpamCount], [ViewCount], [CommentCount], [IsPublishedToHomepage], [IsSpam], [AdsenseID], [CreatedOn], [PublishedOn]) VALUES (43, 1, N'Federer_to_take_on_legend_Sampras', N'Federer to take on legend Sampras', N'World number one Roger Federer will face seven-time Wimbledon champion Pete Sampras in an exhibition match in Malaysia in November.

Federer, 26, won his 12th Grand Slam title at the US Open last week and said afterwards that he was focused on overhauling Sampras''s record of 14.

The night match on 22 November will be played in the Malawati Stadium in Kuala Lumpur on a medium speed indoor carpet. ', N'http://news.bbc.co.uk/sport2/hi/tennis/6992644.stm', 9, 6, 4, 0, 0, 0, 1, 0, N'', '2007-09-16T15:40:33', '2007-09-16T15:58:06')
INSERT INTO [dbo].[Kick_Story] ([StoryID], [HostID], [StoryIdentifier], [Title], [Description], [Url], [CategoryID], [UserID], [KickCount], [SpamCount], [ViewCount], [CommentCount], [IsPublishedToHomepage], [IsSpam], [AdsenseID], [CreatedOn], [PublishedOn]) VALUES (44, 1, N'Story_with_20_comments', N'Story with 20 comments', N'This story has 20 comments...', N'http://www.domain.com/20_comments', 1, 1, 3, 0, 0, 20, 1, 0, N'', '2007-09-16T15:52:50', '2007-09-16T15:58:06')
INSERT INTO [dbo].[Kick_Story] ([StoryID], [HostID], [StoryIdentifier], [Title], [Description], [Url], [CategoryID], [UserID], [KickCount], [SpamCount], [ViewCount], [CommentCount], [IsPublishedToHomepage], [IsSpam], [AdsenseID], [CreatedOn], [PublishedOn]) VALUES (45, 1, N'Story_with_11_kicks', N'Story with 11 kicks', N'This story has 11 kicks...', N'http://www.domain.com/11_kicks', 1, 1, 11, 0, 0, 0, 1, 0, N'', '2007-09-16T15:55:05', '2007-09-16T15:58:06')
SET IDENTITY_INSERT [dbo].[Kick_Story] OFF
GO

-- [dbo].[Kick_StoryKick] (122 rows)
SET IDENTITY_INSERT [dbo].[Kick_StoryKick] ON
INSERT INTO [dbo].[Kick_StoryKick] ([StoryKickID], [StoryID], [UserID], [HostID], [CreatedOn]) VALUES (112, 10, 1, 1, '2007-09-16T15:29:48')
INSERT INTO [dbo].[Kick_StoryKick] ([StoryKickID], [StoryID], [UserID], [HostID], [CreatedOn]) VALUES (113, 9, 1, 1, '2007-09-16T15:29:49')
INSERT INTO [dbo].[Kick_StoryKick] ([StoryKickID], [StoryID], [UserID], [HostID], [CreatedOn]) VALUES (114, 8, 1, 1, '2007-09-16T15:29:50')
INSERT INTO [dbo].[Kick_StoryKick] ([StoryKickID], [StoryID], [UserID], [HostID], [CreatedOn]) VALUES (115, 7, 1, 1, '2007-09-16T15:29:51')
INSERT INTO [dbo].[Kick_StoryKick] ([StoryKickID], [StoryID], [UserID], [HostID], [CreatedOn]) VALUES (116, 6, 1, 1, '2007-09-16T15:29:52')
INSERT INTO [dbo].[Kick_StoryKick] ([StoryKickID], [StoryID], [UserID], [HostID], [CreatedOn]) VALUES (117, 5, 1, 1, '2007-09-16T15:29:53')
INSERT INTO [dbo].[Kick_StoryKick] ([StoryKickID], [StoryID], [UserID], [HostID], [CreatedOn]) VALUES (118, 4, 1, 1, '2007-09-16T15:29:53')
INSERT INTO [dbo].[Kick_StoryKick] ([StoryKickID], [StoryID], [UserID], [HostID], [CreatedOn]) VALUES (119, 3, 1, 1, '2007-09-16T15:29:54')
INSERT INTO [dbo].[Kick_StoryKick] ([StoryKickID], [StoryID], [UserID], [HostID], [CreatedOn]) VALUES (120, 2, 1, 1, '2007-09-16T15:29:56')
INSERT INTO [dbo].[Kick_StoryKick] ([StoryKickID], [StoryID], [UserID], [HostID], [CreatedOn]) VALUES (121, 1, 1, 1, '2007-09-16T15:29:57')
INSERT INTO [dbo].[Kick_StoryKick] ([StoryKickID], [StoryID], [UserID], [HostID], [CreatedOn]) VALUES (122, 18, 3, 1, '2007-09-16T15:30:19')
INSERT INTO [dbo].[Kick_StoryKick] ([StoryKickID], [StoryID], [UserID], [HostID], [CreatedOn]) VALUES (123, 41, 4, 1, '2007-09-16T15:34:41')
INSERT INTO [dbo].[Kick_StoryKick] ([StoryKickID], [StoryID], [UserID], [HostID], [CreatedOn]) VALUES (124, 42, 4, 1, '2007-09-16T15:35:10')
INSERT INTO [dbo].[Kick_StoryKick] ([StoryKickID], [StoryID], [UserID], [HostID], [CreatedOn]) VALUES (125, 16, 5, 1, '2007-09-16T15:35:28')
INSERT INTO [dbo].[Kick_StoryKick] ([StoryKickID], [StoryID], [UserID], [HostID], [CreatedOn]) VALUES (126, 15, 5, 1, '2007-09-16T15:35:29')
INSERT INTO [dbo].[Kick_StoryKick] ([StoryKickID], [StoryID], [UserID], [HostID], [CreatedOn]) VALUES (127, 14, 5, 1, '2007-09-16T15:35:31')
INSERT INTO [dbo].[Kick_StoryKick] ([StoryKickID], [StoryID], [UserID], [HostID], [CreatedOn]) VALUES (128, 13, 5, 1, '2007-09-16T15:35:32')
INSERT INTO [dbo].[Kick_StoryKick] ([StoryKickID], [StoryID], [UserID], [HostID], [CreatedOn]) VALUES (129, 17, 8, 1, '2007-09-16T15:36:09')
INSERT INTO [dbo].[Kick_StoryKick] ([StoryKickID], [StoryID], [UserID], [HostID], [CreatedOn]) VALUES (130, 40, 12, 1, '2007-09-16T15:36:44')
INSERT INTO [dbo].[Kick_StoryKick] ([StoryKickID], [StoryID], [UserID], [HostID], [CreatedOn]) VALUES (131, 39, 12, 1, '2007-09-16T15:36:45')
INSERT INTO [dbo].[Kick_StoryKick] ([StoryKickID], [StoryID], [UserID], [HostID], [CreatedOn]) VALUES (132, 38, 12, 1, '2007-09-16T15:36:45')
INSERT INTO [dbo].[Kick_StoryKick] ([StoryKickID], [StoryID], [UserID], [HostID], [CreatedOn]) VALUES (133, 37, 12, 1, '2007-09-16T15:36:46')
INSERT INTO [dbo].[Kick_StoryKick] ([StoryKickID], [StoryID], [UserID], [HostID], [CreatedOn]) VALUES (134, 36, 12, 1, '2007-09-16T15:36:48')
INSERT INTO [dbo].[Kick_StoryKick] ([StoryKickID], [StoryID], [UserID], [HostID], [CreatedOn]) VALUES (135, 35, 12, 1, '2007-09-16T15:36:49')
INSERT INTO [dbo].[Kick_StoryKick] ([StoryKickID], [StoryID], [UserID], [HostID], [CreatedOn]) VALUES (136, 34, 12, 1, '2007-09-16T15:36:50')
INSERT INTO [dbo].[Kick_StoryKick] ([StoryKickID], [StoryID], [UserID], [HostID], [CreatedOn]) VALUES (137, 33, 12, 1, '2007-09-16T15:36:51')
INSERT INTO [dbo].[Kick_StoryKick] ([StoryKickID], [StoryID], [UserID], [HostID], [CreatedOn]) VALUES (138, 32, 12, 1, '2007-09-16T15:36:52')
INSERT INTO [dbo].[Kick_StoryKick] ([StoryKickID], [StoryID], [UserID], [HostID], [CreatedOn]) VALUES (139, 31, 12, 1, '2007-09-16T15:36:53')
INSERT INTO [dbo].[Kick_StoryKick] ([StoryKickID], [StoryID], [UserID], [HostID], [CreatedOn]) VALUES (140, 30, 12, 1, '2007-09-16T15:36:54')
INSERT INTO [dbo].[Kick_StoryKick] ([StoryKickID], [StoryID], [UserID], [HostID], [CreatedOn]) VALUES (141, 29, 12, 1, '2007-09-16T15:36:55')
INSERT INTO [dbo].[Kick_StoryKick] ([StoryKickID], [StoryID], [UserID], [HostID], [CreatedOn]) VALUES (142, 28, 12, 1, '2007-09-16T15:36:56')
INSERT INTO [dbo].[Kick_StoryKick] ([StoryKickID], [StoryID], [UserID], [HostID], [CreatedOn]) VALUES (143, 27, 12, 1, '2007-09-16T15:36:58')
INSERT INTO [dbo].[Kick_StoryKick] ([StoryKickID], [StoryID], [UserID], [HostID], [CreatedOn]) VALUES (144, 26, 12, 1, '2007-09-16T15:36:59')
INSERT INTO [dbo].[Kick_StoryKick] ([StoryKickID], [StoryID], [UserID], [HostID], [CreatedOn]) VALUES (145, 25, 12, 1, '2007-09-16T15:37:01')
INSERT INTO [dbo].[Kick_StoryKick] ([StoryKickID], [StoryID], [UserID], [HostID], [CreatedOn]) VALUES (146, 24, 12, 1, '2007-09-16T15:37:04')
INSERT INTO [dbo].[Kick_StoryKick] ([StoryKickID], [StoryID], [UserID], [HostID], [CreatedOn]) VALUES (147, 23, 12, 1, '2007-09-16T15:37:05')
INSERT INTO [dbo].[Kick_StoryKick] ([StoryKickID], [StoryID], [UserID], [HostID], [CreatedOn]) VALUES (148, 22, 12, 1, '2007-09-16T15:37:06')
INSERT INTO [dbo].[Kick_StoryKick] ([StoryKickID], [StoryID], [UserID], [HostID], [CreatedOn]) VALUES (149, 21, 12, 1, '2007-09-16T15:37:07')
INSERT INTO [dbo].[Kick_StoryKick] ([StoryKickID], [StoryID], [UserID], [HostID], [CreatedOn]) VALUES (150, 20, 12, 1, '2007-09-16T15:37:09')
INSERT INTO [dbo].[Kick_StoryKick] ([StoryKickID], [StoryID], [UserID], [HostID], [CreatedOn]) VALUES (151, 19, 12, 1, '2007-09-16T15:37:11')
GO
INSERT INTO [dbo].[Kick_StoryKick] ([StoryKickID], [StoryID], [UserID], [HostID], [CreatedOn]) VALUES (152, 40, 1, 1, '2007-09-16T15:37:47')
INSERT INTO [dbo].[Kick_StoryKick] ([StoryKickID], [StoryID], [UserID], [HostID], [CreatedOn]) VALUES (153, 23, 1, 1, '2007-09-16T15:37:48')
INSERT INTO [dbo].[Kick_StoryKick] ([StoryKickID], [StoryID], [UserID], [HostID], [CreatedOn]) VALUES (154, 13, 1, 1, '2007-09-16T15:37:49')
INSERT INTO [dbo].[Kick_StoryKick] ([StoryKickID], [StoryID], [UserID], [HostID], [CreatedOn]) VALUES (155, 14, 1, 1, '2007-09-16T15:37:50')
INSERT INTO [dbo].[Kick_StoryKick] ([StoryKickID], [StoryID], [UserID], [HostID], [CreatedOn]) VALUES (156, 15, 1, 1, '2007-09-16T15:37:52')
INSERT INTO [dbo].[Kick_StoryKick] ([StoryKickID], [StoryID], [UserID], [HostID], [CreatedOn]) VALUES (157, 16, 1, 1, '2007-09-16T15:37:52')
INSERT INTO [dbo].[Kick_StoryKick] ([StoryKickID], [StoryID], [UserID], [HostID], [CreatedOn]) VALUES (158, 17, 1, 1, '2007-09-16T15:37:54')
INSERT INTO [dbo].[Kick_StoryKick] ([StoryKickID], [StoryID], [UserID], [HostID], [CreatedOn]) VALUES (159, 18, 1, 1, '2007-09-16T15:37:55')
INSERT INTO [dbo].[Kick_StoryKick] ([StoryKickID], [StoryID], [UserID], [HostID], [CreatedOn]) VALUES (160, 41, 1, 1, '2007-09-16T15:38:00')
INSERT INTO [dbo].[Kick_StoryKick] ([StoryKickID], [StoryID], [UserID], [HostID], [CreatedOn]) VALUES (161, 34, 1, 1, '2007-09-16T15:38:06')
INSERT INTO [dbo].[Kick_StoryKick] ([StoryKickID], [StoryID], [UserID], [HostID], [CreatedOn]) VALUES (162, 33, 1, 1, '2007-09-16T15:38:07')
INSERT INTO [dbo].[Kick_StoryKick] ([StoryKickID], [StoryID], [UserID], [HostID], [CreatedOn]) VALUES (163, 32, 1, 1, '2007-09-16T15:38:07')
INSERT INTO [dbo].[Kick_StoryKick] ([StoryKickID], [StoryID], [UserID], [HostID], [CreatedOn]) VALUES (164, 29, 1, 1, '2007-09-16T15:38:10')
INSERT INTO [dbo].[Kick_StoryKick] ([StoryKickID], [StoryID], [UserID], [HostID], [CreatedOn]) VALUES (165, 27, 1, 1, '2007-09-16T15:38:12')
INSERT INTO [dbo].[Kick_StoryKick] ([StoryKickID], [StoryID], [UserID], [HostID], [CreatedOn]) VALUES (166, 24, 1, 1, '2007-09-16T15:38:16')
INSERT INTO [dbo].[Kick_StoryKick] ([StoryKickID], [StoryID], [UserID], [HostID], [CreatedOn]) VALUES (167, 21, 1, 1, '2007-09-16T15:38:20')
INSERT INTO [dbo].[Kick_StoryKick] ([StoryKickID], [StoryID], [UserID], [HostID], [CreatedOn]) VALUES (168, 19, 1, 1, '2007-09-16T15:38:21')
INSERT INTO [dbo].[Kick_StoryKick] ([StoryKickID], [StoryID], [UserID], [HostID], [CreatedOn]) VALUES (169, 40, 6, 1, '2007-09-16T15:38:32')
INSERT INTO [dbo].[Kick_StoryKick] ([StoryKickID], [StoryID], [UserID], [HostID], [CreatedOn]) VALUES (170, 23, 6, 1, '2007-09-16T15:38:33')
INSERT INTO [dbo].[Kick_StoryKick] ([StoryKickID], [StoryID], [UserID], [HostID], [CreatedOn]) VALUES (171, 7, 6, 1, '2007-09-16T15:38:34')
INSERT INTO [dbo].[Kick_StoryKick] ([StoryKickID], [StoryID], [UserID], [HostID], [CreatedOn]) VALUES (172, 13, 6, 1, '2007-09-16T15:38:34')
INSERT INTO [dbo].[Kick_StoryKick] ([StoryKickID], [StoryID], [UserID], [HostID], [CreatedOn]) VALUES (173, 14, 6, 1, '2007-09-16T15:38:36')
INSERT INTO [dbo].[Kick_StoryKick] ([StoryKickID], [StoryID], [UserID], [HostID], [CreatedOn]) VALUES (174, 15, 6, 1, '2007-09-16T15:38:37')
INSERT INTO [dbo].[Kick_StoryKick] ([StoryKickID], [StoryID], [UserID], [HostID], [CreatedOn]) VALUES (175, 16, 6, 1, '2007-09-16T15:38:37')
INSERT INTO [dbo].[Kick_StoryKick] ([StoryKickID], [StoryID], [UserID], [HostID], [CreatedOn]) VALUES (176, 17, 6, 1, '2007-09-16T15:38:39')
INSERT INTO [dbo].[Kick_StoryKick] ([StoryKickID], [StoryID], [UserID], [HostID], [CreatedOn]) VALUES (177, 18, 6, 1, '2007-09-16T15:38:40')
INSERT INTO [dbo].[Kick_StoryKick] ([StoryKickID], [StoryID], [UserID], [HostID], [CreatedOn]) VALUES (178, 42, 6, 1, '2007-09-16T15:38:44')
INSERT INTO [dbo].[Kick_StoryKick] ([StoryKickID], [StoryID], [UserID], [HostID], [CreatedOn]) VALUES (179, 41, 6, 1, '2007-09-16T15:38:45')
INSERT INTO [dbo].[Kick_StoryKick] ([StoryKickID], [StoryID], [UserID], [HostID], [CreatedOn]) VALUES (180, 36, 6, 1, '2007-09-16T15:38:48')
INSERT INTO [dbo].[Kick_StoryKick] ([StoryKickID], [StoryID], [UserID], [HostID], [CreatedOn]) VALUES (181, 35, 6, 1, '2007-09-16T15:38:49')
INSERT INTO [dbo].[Kick_StoryKick] ([StoryKickID], [StoryID], [UserID], [HostID], [CreatedOn]) VALUES (182, 43, 6, 1, '2007-09-16T15:40:33')
INSERT INTO [dbo].[Kick_StoryKick] ([StoryKickID], [StoryID], [UserID], [HostID], [CreatedOn]) VALUES (183, 44, 1, 1, '2007-09-16T15:52:50')
INSERT INTO [dbo].[Kick_StoryKick] ([StoryKickID], [StoryID], [UserID], [HostID], [CreatedOn]) VALUES (184, 45, 1, 1, '2007-09-16T15:55:05')
INSERT INTO [dbo].[Kick_StoryKick] ([StoryKickID], [StoryID], [UserID], [HostID], [CreatedOn]) VALUES (185, 45, 3, 1, '2007-09-16T15:55:28')
INSERT INTO [dbo].[Kick_StoryKick] ([StoryKickID], [StoryID], [UserID], [HostID], [CreatedOn]) VALUES (186, 45, 4, 1, '2007-09-16T15:55:44')
INSERT INTO [dbo].[Kick_StoryKick] ([StoryKickID], [StoryID], [UserID], [HostID], [CreatedOn]) VALUES (187, 45, 5, 1, '2007-09-16T15:55:54')
INSERT INTO [dbo].[Kick_StoryKick] ([StoryKickID], [StoryID], [UserID], [HostID], [CreatedOn]) VALUES (188, 45, 6, 1, '2007-09-16T15:56:02')
INSERT INTO [dbo].[Kick_StoryKick] ([StoryKickID], [StoryID], [UserID], [HostID], [CreatedOn]) VALUES (189, 45, 7, 1, '2007-09-16T15:56:12')
INSERT INTO [dbo].[Kick_StoryKick] ([StoryKickID], [StoryID], [UserID], [HostID], [CreatedOn]) VALUES (190, 45, 8, 1, '2007-09-16T15:56:22')
INSERT INTO [dbo].[Kick_StoryKick] ([StoryKickID], [StoryID], [UserID], [HostID], [CreatedOn]) VALUES (191, 45, 9, 1, '2007-09-16T15:56:31')
GO
INSERT INTO [dbo].[Kick_StoryKick] ([StoryKickID], [StoryID], [UserID], [HostID], [CreatedOn]) VALUES (192, 45, 10, 1, '2007-09-16T15:56:40')
INSERT INTO [dbo].[Kick_StoryKick] ([StoryKickID], [StoryID], [UserID], [HostID], [CreatedOn]) VALUES (193, 45, 11, 1, '2007-09-16T15:56:51')
INSERT INTO [dbo].[Kick_StoryKick] ([StoryKickID], [StoryID], [UserID], [HostID], [CreatedOn]) VALUES (194, 45, 12, 1, '2007-09-16T15:57:18')
INSERT INTO [dbo].[Kick_StoryKick] ([StoryKickID], [StoryID], [UserID], [HostID], [CreatedOn]) VALUES (195, 38, 1, 1, '2007-09-16T15:58:40')
INSERT INTO [dbo].[Kick_StoryKick] ([StoryKickID], [StoryID], [UserID], [HostID], [CreatedOn]) VALUES (196, 35, 1, 1, '2007-09-16T15:58:41')
INSERT INTO [dbo].[Kick_StoryKick] ([StoryKickID], [StoryID], [UserID], [HostID], [CreatedOn]) VALUES (197, 39, 1, 1, '2007-09-16T15:58:42')
INSERT INTO [dbo].[Kick_StoryKick] ([StoryKickID], [StoryID], [UserID], [HostID], [CreatedOn]) VALUES (198, 36, 1, 1, '2007-09-16T15:58:43')
INSERT INTO [dbo].[Kick_StoryKick] ([StoryKickID], [StoryID], [UserID], [HostID], [CreatedOn]) VALUES (199, 42, 1, 1, '2007-09-16T15:58:46')
INSERT INTO [dbo].[Kick_StoryKick] ([StoryKickID], [StoryID], [UserID], [HostID], [CreatedOn]) VALUES (200, 43, 1, 1, '2007-09-16T15:58:47')
INSERT INTO [dbo].[Kick_StoryKick] ([StoryKickID], [StoryID], [UserID], [HostID], [CreatedOn]) VALUES (201, 35, 3, 1, '2007-09-16T15:59:05')
INSERT INTO [dbo].[Kick_StoryKick] ([StoryKickID], [StoryID], [UserID], [HostID], [CreatedOn]) VALUES (202, 38, 3, 1, '2007-09-16T15:59:06')
INSERT INTO [dbo].[Kick_StoryKick] ([StoryKickID], [StoryID], [UserID], [HostID], [CreatedOn]) VALUES (203, 39, 3, 1, '2007-09-16T15:59:07')
INSERT INTO [dbo].[Kick_StoryKick] ([StoryKickID], [StoryID], [UserID], [HostID], [CreatedOn]) VALUES (204, 36, 3, 1, '2007-09-16T15:59:08')
INSERT INTO [dbo].[Kick_StoryKick] ([StoryKickID], [StoryID], [UserID], [HostID], [CreatedOn]) VALUES (205, 1, 3, 1, '2007-09-16T15:59:09')
INSERT INTO [dbo].[Kick_StoryKick] ([StoryKickID], [StoryID], [UserID], [HostID], [CreatedOn]) VALUES (206, 9, 3, 1, '2007-09-16T15:59:10')
INSERT INTO [dbo].[Kick_StoryKick] ([StoryKickID], [StoryID], [UserID], [HostID], [CreatedOn]) VALUES (207, 41, 3, 1, '2007-09-16T15:59:11')
INSERT INTO [dbo].[Kick_StoryKick] ([StoryKickID], [StoryID], [UserID], [HostID], [CreatedOn]) VALUES (208, 42, 3, 1, '2007-09-16T15:59:12')
INSERT INTO [dbo].[Kick_StoryKick] ([StoryKickID], [StoryID], [UserID], [HostID], [CreatedOn]) VALUES (209, 43, 3, 1, '2007-09-16T15:59:14')
INSERT INTO [dbo].[Kick_StoryKick] ([StoryKickID], [StoryID], [UserID], [HostID], [CreatedOn]) VALUES (210, 44, 3, 1, '2007-09-16T15:59:15')
INSERT INTO [dbo].[Kick_StoryKick] ([StoryKickID], [StoryID], [UserID], [HostID], [CreatedOn]) VALUES (211, 40, 3, 1, '2007-09-16T15:59:17')
INSERT INTO [dbo].[Kick_StoryKick] ([StoryKickID], [StoryID], [UserID], [HostID], [CreatedOn]) VALUES (212, 23, 3, 1, '2007-09-16T15:59:18')
INSERT INTO [dbo].[Kick_StoryKick] ([StoryKickID], [StoryID], [UserID], [HostID], [CreatedOn]) VALUES (213, 13, 3, 1, '2007-09-16T15:59:19')
INSERT INTO [dbo].[Kick_StoryKick] ([StoryKickID], [StoryID], [UserID], [HostID], [CreatedOn]) VALUES (214, 14, 3, 1, '2007-09-16T15:59:20')
INSERT INTO [dbo].[Kick_StoryKick] ([StoryKickID], [StoryID], [UserID], [HostID], [CreatedOn]) VALUES (215, 7, 3, 1, '2007-09-16T15:59:21')
INSERT INTO [dbo].[Kick_StoryKick] ([StoryKickID], [StoryID], [UserID], [HostID], [CreatedOn]) VALUES (216, 15, 3, 1, '2007-09-16T15:59:28')
INSERT INTO [dbo].[Kick_StoryKick] ([StoryKickID], [StoryID], [UserID], [HostID], [CreatedOn]) VALUES (217, 16, 3, 1, '2007-09-16T15:59:29')
INSERT INTO [dbo].[Kick_StoryKick] ([StoryKickID], [StoryID], [UserID], [HostID], [CreatedOn]) VALUES (218, 17, 3, 1, '2007-09-16T15:59:30')
INSERT INTO [dbo].[Kick_StoryKick] ([StoryKickID], [StoryID], [UserID], [HostID], [CreatedOn]) VALUES (219, 35, 10, 1, '2007-09-16T16:01:41')
INSERT INTO [dbo].[Kick_StoryKick] ([StoryKickID], [StoryID], [UserID], [HostID], [CreatedOn]) VALUES (220, 38, 10, 1, '2007-09-16T16:01:42')
INSERT INTO [dbo].[Kick_StoryKick] ([StoryKickID], [StoryID], [UserID], [HostID], [CreatedOn]) VALUES (221, 39, 10, 1, '2007-09-16T16:01:43')
INSERT INTO [dbo].[Kick_StoryKick] ([StoryKickID], [StoryID], [UserID], [HostID], [CreatedOn]) VALUES (222, 36, 10, 1, '2007-09-16T16:01:43')
INSERT INTO [dbo].[Kick_StoryKick] ([StoryKickID], [StoryID], [UserID], [HostID], [CreatedOn]) VALUES (223, 1, 10, 1, '2007-09-16T16:01:44')
INSERT INTO [dbo].[Kick_StoryKick] ([StoryKickID], [StoryID], [UserID], [HostID], [CreatedOn]) VALUES (224, 9, 10, 1, '2007-09-16T16:01:46')
INSERT INTO [dbo].[Kick_StoryKick] ([StoryKickID], [StoryID], [UserID], [HostID], [CreatedOn]) VALUES (225, 41, 10, 1, '2007-09-16T16:01:47')
INSERT INTO [dbo].[Kick_StoryKick] ([StoryKickID], [StoryID], [UserID], [HostID], [CreatedOn]) VALUES (226, 42, 10, 1, '2007-09-16T16:01:48')
INSERT INTO [dbo].[Kick_StoryKick] ([StoryKickID], [StoryID], [UserID], [HostID], [CreatedOn]) VALUES (227, 43, 10, 1, '2007-09-16T16:01:49')
INSERT INTO [dbo].[Kick_StoryKick] ([StoryKickID], [StoryID], [UserID], [HostID], [CreatedOn]) VALUES (228, 44, 10, 1, '2007-09-16T16:01:50')
INSERT INTO [dbo].[Kick_StoryKick] ([StoryKickID], [StoryID], [UserID], [HostID], [CreatedOn]) VALUES (229, 40, 10, 1, '2007-09-16T16:01:52')
INSERT INTO [dbo].[Kick_StoryKick] ([StoryKickID], [StoryID], [UserID], [HostID], [CreatedOn]) VALUES (230, 23, 10, 1, '2007-09-16T16:01:52')
INSERT INTO [dbo].[Kick_StoryKick] ([StoryKickID], [StoryID], [UserID], [HostID], [CreatedOn]) VALUES (231, 13, 10, 1, '2007-09-16T16:01:53')
GO
INSERT INTO [dbo].[Kick_StoryKick] ([StoryKickID], [StoryID], [UserID], [HostID], [CreatedOn]) VALUES (232, 14, 10, 1, '2007-09-16T16:01:54')
INSERT INTO [dbo].[Kick_StoryKick] ([StoryKickID], [StoryID], [UserID], [HostID], [CreatedOn]) VALUES (233, 7, 10, 1, '2007-09-16T16:01:55')
SET IDENTITY_INSERT [dbo].[Kick_StoryKick] OFF
GO

-- [dbo].[Kick_StoryUserHostTag] (92 rows)
SET IDENTITY_INSERT [dbo].[Kick_StoryUserHostTag] ON
INSERT INTO [dbo].[Kick_StoryUserHostTag] ([StoryUserHostTagID], [StoryID], [UserID], [HostID], [TagID], [CreatedOn]) VALUES (1, 1, 1, 1, 1, '2007-09-12T17:37:58')
INSERT INTO [dbo].[Kick_StoryUserHostTag] ([StoryUserHostTagID], [StoryID], [UserID], [HostID], [TagID], [CreatedOn]) VALUES (2, 1, 1, 1, 2, '2007-09-12T17:37:58')
INSERT INTO [dbo].[Kick_StoryUserHostTag] ([StoryUserHostTagID], [StoryID], [UserID], [HostID], [TagID], [CreatedOn]) VALUES (3, 1, 1, 1, 3, '2007-09-12T17:37:58')
INSERT INTO [dbo].[Kick_StoryUserHostTag] ([StoryUserHostTagID], [StoryID], [UserID], [HostID], [TagID], [CreatedOn]) VALUES (4, 1, 1, 1, 4, '2007-09-12T17:37:58')
INSERT INTO [dbo].[Kick_StoryUserHostTag] ([StoryUserHostTagID], [StoryID], [UserID], [HostID], [TagID], [CreatedOn]) VALUES (5, 2, 1, 1, 2, '2007-09-12T17:39:02')
INSERT INTO [dbo].[Kick_StoryUserHostTag] ([StoryUserHostTagID], [StoryID], [UserID], [HostID], [TagID], [CreatedOn]) VALUES (6, 2, 1, 1, 5, '2007-09-12T17:39:02')
INSERT INTO [dbo].[Kick_StoryUserHostTag] ([StoryUserHostTagID], [StoryID], [UserID], [HostID], [TagID], [CreatedOn]) VALUES (7, 2, 1, 1, 6, '2007-09-12T17:39:02')
INSERT INTO [dbo].[Kick_StoryUserHostTag] ([StoryUserHostTagID], [StoryID], [UserID], [HostID], [TagID], [CreatedOn]) VALUES (8, 3, 1, 1, 7, '2007-09-12T17:40:19')
INSERT INTO [dbo].[Kick_StoryUserHostTag] ([StoryUserHostTagID], [StoryID], [UserID], [HostID], [TagID], [CreatedOn]) VALUES (9, 3, 1, 1, 8, '2007-09-12T17:40:19')
INSERT INTO [dbo].[Kick_StoryUserHostTag] ([StoryUserHostTagID], [StoryID], [UserID], [HostID], [TagID], [CreatedOn]) VALUES (10, 3, 1, 1, 9, '2007-09-12T17:40:19')
INSERT INTO [dbo].[Kick_StoryUserHostTag] ([StoryUserHostTagID], [StoryID], [UserID], [HostID], [TagID], [CreatedOn]) VALUES (11, 3, 1, 1, 10, '2007-09-12T17:40:19')
INSERT INTO [dbo].[Kick_StoryUserHostTag] ([StoryUserHostTagID], [StoryID], [UserID], [HostID], [TagID], [CreatedOn]) VALUES (12, 3, 1, 1, 11, '2007-09-12T17:40:19')
INSERT INTO [dbo].[Kick_StoryUserHostTag] ([StoryUserHostTagID], [StoryID], [UserID], [HostID], [TagID], [CreatedOn]) VALUES (13, 3, 1, 1, 12, '2007-09-12T17:40:24')
INSERT INTO [dbo].[Kick_StoryUserHostTag] ([StoryUserHostTagID], [StoryID], [UserID], [HostID], [TagID], [CreatedOn]) VALUES (14, 4, 1, 1, 7, '2007-09-12T17:42:05')
INSERT INTO [dbo].[Kick_StoryUserHostTag] ([StoryUserHostTagID], [StoryID], [UserID], [HostID], [TagID], [CreatedOn]) VALUES (15, 4, 1, 1, 13, '2007-09-12T17:42:05')
INSERT INTO [dbo].[Kick_StoryUserHostTag] ([StoryUserHostTagID], [StoryID], [UserID], [HostID], [TagID], [CreatedOn]) VALUES (16, 4, 1, 1, 14, '2007-09-12T17:42:05')
INSERT INTO [dbo].[Kick_StoryUserHostTag] ([StoryUserHostTagID], [StoryID], [UserID], [HostID], [TagID], [CreatedOn]) VALUES (17, 4, 1, 1, 15, '2007-09-12T17:42:05')
INSERT INTO [dbo].[Kick_StoryUserHostTag] ([StoryUserHostTagID], [StoryID], [UserID], [HostID], [TagID], [CreatedOn]) VALUES (18, 4, 1, 1, 16, '2007-09-12T17:42:05')
INSERT INTO [dbo].[Kick_StoryUserHostTag] ([StoryUserHostTagID], [StoryID], [UserID], [HostID], [TagID], [CreatedOn]) VALUES (19, 4, 1, 1, 17, '2007-09-12T17:42:05')
INSERT INTO [dbo].[Kick_StoryUserHostTag] ([StoryUserHostTagID], [StoryID], [UserID], [HostID], [TagID], [CreatedOn]) VALUES (20, 5, 1, 1, 18, '2007-09-12T17:43:35')
INSERT INTO [dbo].[Kick_StoryUserHostTag] ([StoryUserHostTagID], [StoryID], [UserID], [HostID], [TagID], [CreatedOn]) VALUES (21, 5, 1, 1, 19, '2007-09-12T17:43:53')
INSERT INTO [dbo].[Kick_StoryUserHostTag] ([StoryUserHostTagID], [StoryID], [UserID], [HostID], [TagID], [CreatedOn]) VALUES (22, 5, 1, 1, 20, '2007-09-12T17:43:53')
INSERT INTO [dbo].[Kick_StoryUserHostTag] ([StoryUserHostTagID], [StoryID], [UserID], [HostID], [TagID], [CreatedOn]) VALUES (23, 6, 1, 1, 21, '2007-09-12T17:46:31')
INSERT INTO [dbo].[Kick_StoryUserHostTag] ([StoryUserHostTagID], [StoryID], [UserID], [HostID], [TagID], [CreatedOn]) VALUES (24, 6, 1, 1, 22, '2007-09-12T17:46:31')
INSERT INTO [dbo].[Kick_StoryUserHostTag] ([StoryUserHostTagID], [StoryID], [UserID], [HostID], [TagID], [CreatedOn]) VALUES (25, 6, 1, 1, 23, '2007-09-12T17:46:31')
INSERT INTO [dbo].[Kick_StoryUserHostTag] ([StoryUserHostTagID], [StoryID], [UserID], [HostID], [TagID], [CreatedOn]) VALUES (26, 6, 1, 1, 24, '2007-09-12T17:46:31')
INSERT INTO [dbo].[Kick_StoryUserHostTag] ([StoryUserHostTagID], [StoryID], [UserID], [HostID], [TagID], [CreatedOn]) VALUES (27, 9, 1, 1, 25, '2007-09-12T18:04:50')
INSERT INTO [dbo].[Kick_StoryUserHostTag] ([StoryUserHostTagID], [StoryID], [UserID], [HostID], [TagID], [CreatedOn]) VALUES (28, 10, 1, 1, 7, '2007-09-12T18:07:50')
INSERT INTO [dbo].[Kick_StoryUserHostTag] ([StoryUserHostTagID], [StoryID], [UserID], [HostID], [TagID], [CreatedOn]) VALUES (29, 10, 1, 1, 26, '2007-09-12T18:07:50')
INSERT INTO [dbo].[Kick_StoryUserHostTag] ([StoryUserHostTagID], [StoryID], [UserID], [HostID], [TagID], [CreatedOn]) VALUES (30, 8, 1, 1, 25, '2007-09-12T18:08:21')
INSERT INTO [dbo].[Kick_StoryUserHostTag] ([StoryUserHostTagID], [StoryID], [UserID], [HostID], [TagID], [CreatedOn]) VALUES (31, 8, 1, 1, 27, '2007-09-12T18:08:28')
INSERT INTO [dbo].[Kick_StoryUserHostTag] ([StoryUserHostTagID], [StoryID], [UserID], [HostID], [TagID], [CreatedOn]) VALUES (32, 9, 1, 1, 27, '2007-09-12T18:08:33')
INSERT INTO [dbo].[Kick_StoryUserHostTag] ([StoryUserHostTagID], [StoryID], [UserID], [HostID], [TagID], [CreatedOn]) VALUES (35, 10, 1, 1, 30, '2007-09-12T21:14:33')
INSERT INTO [dbo].[Kick_StoryUserHostTag] ([StoryUserHostTagID], [StoryID], [UserID], [HostID], [TagID], [CreatedOn]) VALUES (36, 13, 5, 1, 7, '2007-09-12T22:43:45')
INSERT INTO [dbo].[Kick_StoryUserHostTag] ([StoryUserHostTagID], [StoryID], [UserID], [HostID], [TagID], [CreatedOn]) VALUES (37, 13, 5, 1, 26, '2007-09-12T22:43:45')
INSERT INTO [dbo].[Kick_StoryUserHostTag] ([StoryUserHostTagID], [StoryID], [UserID], [HostID], [TagID], [CreatedOn]) VALUES (38, 13, 5, 1, 31, '2007-09-12T22:43:56')
INSERT INTO [dbo].[Kick_StoryUserHostTag] ([StoryUserHostTagID], [StoryID], [UserID], [HostID], [TagID], [CreatedOn]) VALUES (39, 13, 5, 1, 32, '2007-09-12T22:43:56')
INSERT INTO [dbo].[Kick_StoryUserHostTag] ([StoryUserHostTagID], [StoryID], [UserID], [HostID], [TagID], [CreatedOn]) VALUES (40, 13, 5, 1, 33, '2007-09-12T22:44:05')
INSERT INTO [dbo].[Kick_StoryUserHostTag] ([StoryUserHostTagID], [StoryID], [UserID], [HostID], [TagID], [CreatedOn]) VALUES (41, 14, 5, 1, 7, '2007-09-12T22:44:31')
INSERT INTO [dbo].[Kick_StoryUserHostTag] ([StoryUserHostTagID], [StoryID], [UserID], [HostID], [TagID], [CreatedOn]) VALUES (42, 14, 5, 1, 26, '2007-09-12T22:44:31')
GO
INSERT INTO [dbo].[Kick_StoryUserHostTag] ([StoryUserHostTagID], [StoryID], [UserID], [HostID], [TagID], [CreatedOn]) VALUES (43, 14, 5, 1, 16, '2007-09-12T22:44:44')
INSERT INTO [dbo].[Kick_StoryUserHostTag] ([StoryUserHostTagID], [StoryID], [UserID], [HostID], [TagID], [CreatedOn]) VALUES (44, 14, 5, 1, 17, '2007-09-12T22:44:44')
INSERT INTO [dbo].[Kick_StoryUserHostTag] ([StoryUserHostTagID], [StoryID], [UserID], [HostID], [TagID], [CreatedOn]) VALUES (45, 15, 5, 1, 7, '2007-09-12T22:45:20')
INSERT INTO [dbo].[Kick_StoryUserHostTag] ([StoryUserHostTagID], [StoryID], [UserID], [HostID], [TagID], [CreatedOn]) VALUES (46, 15, 5, 1, 26, '2007-09-12T22:45:20')
INSERT INTO [dbo].[Kick_StoryUserHostTag] ([StoryUserHostTagID], [StoryID], [UserID], [HostID], [TagID], [CreatedOn]) VALUES (47, 15, 5, 1, 34, '2007-09-12T22:45:28')
INSERT INTO [dbo].[Kick_StoryUserHostTag] ([StoryUserHostTagID], [StoryID], [UserID], [HostID], [TagID], [CreatedOn]) VALUES (48, 16, 5, 1, 7, '2007-09-12T22:46:23')
INSERT INTO [dbo].[Kick_StoryUserHostTag] ([StoryUserHostTagID], [StoryID], [UserID], [HostID], [TagID], [CreatedOn]) VALUES (49, 16, 5, 1, 26, '2007-09-12T22:46:23')
INSERT INTO [dbo].[Kick_StoryUserHostTag] ([StoryUserHostTagID], [StoryID], [UserID], [HostID], [TagID], [CreatedOn]) VALUES (50, 16, 5, 1, 34, '2007-09-12T22:47:01')
INSERT INTO [dbo].[Kick_StoryUserHostTag] ([StoryUserHostTagID], [StoryID], [UserID], [HostID], [TagID], [CreatedOn]) VALUES (51, 16, 5, 1, 35, '2007-09-12T22:47:01')
INSERT INTO [dbo].[Kick_StoryUserHostTag] ([StoryUserHostTagID], [StoryID], [UserID], [HostID], [TagID], [CreatedOn]) VALUES (52, 17, 8, 1, 2, '2007-09-12T22:48:09')
INSERT INTO [dbo].[Kick_StoryUserHostTag] ([StoryUserHostTagID], [StoryID], [UserID], [HostID], [TagID], [CreatedOn]) VALUES (53, 17, 8, 1, 36, '2007-09-12T22:48:21')
INSERT INTO [dbo].[Kick_StoryUserHostTag] ([StoryUserHostTagID], [StoryID], [UserID], [HostID], [TagID], [CreatedOn]) VALUES (54, 18, 3, 1, 37, '2007-09-15T13:40:32')
INSERT INTO [dbo].[Kick_StoryUserHostTag] ([StoryUserHostTagID], [StoryID], [UserID], [HostID], [TagID], [CreatedOn]) VALUES (55, 18, 3, 1, 16, '2007-09-15T13:40:46')
INSERT INTO [dbo].[Kick_StoryUserHostTag] ([StoryUserHostTagID], [StoryID], [UserID], [HostID], [TagID], [CreatedOn]) VALUES (56, 18, 3, 1, 38, '2007-09-15T13:40:46')
INSERT INTO [dbo].[Kick_StoryUserHostTag] ([StoryUserHostTagID], [StoryID], [UserID], [HostID], [TagID], [CreatedOn]) VALUES (57, 19, 12, 1, 2, '2007-09-16T14:24:50')
INSERT INTO [dbo].[Kick_StoryUserHostTag] ([StoryUserHostTagID], [StoryID], [UserID], [HostID], [TagID], [CreatedOn]) VALUES (58, 20, 12, 1, 2, '2007-09-16T14:25:30')
INSERT INTO [dbo].[Kick_StoryUserHostTag] ([StoryUserHostTagID], [StoryID], [UserID], [HostID], [TagID], [CreatedOn]) VALUES (59, 21, 12, 1, 29, '2007-09-16T14:26:51')
INSERT INTO [dbo].[Kick_StoryUserHostTag] ([StoryUserHostTagID], [StoryID], [UserID], [HostID], [TagID], [CreatedOn]) VALUES (60, 22, 12, 1, 29, '2007-09-16T14:27:31')
INSERT INTO [dbo].[Kick_StoryUserHostTag] ([StoryUserHostTagID], [StoryID], [UserID], [HostID], [TagID], [CreatedOn]) VALUES (61, 22, 12, 1, 39, '2007-09-16T14:27:44')
INSERT INTO [dbo].[Kick_StoryUserHostTag] ([StoryUserHostTagID], [StoryID], [UserID], [HostID], [TagID], [CreatedOn]) VALUES (62, 23, 12, 1, 7, '2007-09-16T14:29:56')
INSERT INTO [dbo].[Kick_StoryUserHostTag] ([StoryUserHostTagID], [StoryID], [UserID], [HostID], [TagID], [CreatedOn]) VALUES (63, 23, 12, 1, 26, '2007-09-16T14:29:56')
INSERT INTO [dbo].[Kick_StoryUserHostTag] ([StoryUserHostTagID], [StoryID], [UserID], [HostID], [TagID], [CreatedOn]) VALUES (64, 24, 12, 1, 7, '2007-09-16T14:34:30')
INSERT INTO [dbo].[Kick_StoryUserHostTag] ([StoryUserHostTagID], [StoryID], [UserID], [HostID], [TagID], [CreatedOn]) VALUES (65, 24, 12, 1, 26, '2007-09-16T14:34:30')
INSERT INTO [dbo].[Kick_StoryUserHostTag] ([StoryUserHostTagID], [StoryID], [UserID], [HostID], [TagID], [CreatedOn]) VALUES (66, 25, 12, 1, 7, '2007-09-16T14:34:56')
INSERT INTO [dbo].[Kick_StoryUserHostTag] ([StoryUserHostTagID], [StoryID], [UserID], [HostID], [TagID], [CreatedOn]) VALUES (67, 25, 12, 1, 26, '2007-09-16T14:34:56')
INSERT INTO [dbo].[Kick_StoryUserHostTag] ([StoryUserHostTagID], [StoryID], [UserID], [HostID], [TagID], [CreatedOn]) VALUES (68, 26, 12, 1, 7, '2007-09-16T14:35:12')
INSERT INTO [dbo].[Kick_StoryUserHostTag] ([StoryUserHostTagID], [StoryID], [UserID], [HostID], [TagID], [CreatedOn]) VALUES (69, 26, 12, 1, 26, '2007-09-16T14:35:12')
INSERT INTO [dbo].[Kick_StoryUserHostTag] ([StoryUserHostTagID], [StoryID], [UserID], [HostID], [TagID], [CreatedOn]) VALUES (70, 27, 12, 1, 7, '2007-09-16T14:35:32')
INSERT INTO [dbo].[Kick_StoryUserHostTag] ([StoryUserHostTagID], [StoryID], [UserID], [HostID], [TagID], [CreatedOn]) VALUES (71, 27, 12, 1, 26, '2007-09-16T14:35:32')
INSERT INTO [dbo].[Kick_StoryUserHostTag] ([StoryUserHostTagID], [StoryID], [UserID], [HostID], [TagID], [CreatedOn]) VALUES (72, 28, 12, 1, 7, '2007-09-16T14:35:56')
INSERT INTO [dbo].[Kick_StoryUserHostTag] ([StoryUserHostTagID], [StoryID], [UserID], [HostID], [TagID], [CreatedOn]) VALUES (73, 28, 12, 1, 26, '2007-09-16T14:35:56')
INSERT INTO [dbo].[Kick_StoryUserHostTag] ([StoryUserHostTagID], [StoryID], [UserID], [HostID], [TagID], [CreatedOn]) VALUES (74, 29, 12, 1, 28, '2007-09-16T14:36:35')
INSERT INTO [dbo].[Kick_StoryUserHostTag] ([StoryUserHostTagID], [StoryID], [UserID], [HostID], [TagID], [CreatedOn]) VALUES (75, 30, 12, 1, 28, '2007-09-16T14:37:58')
INSERT INTO [dbo].[Kick_StoryUserHostTag] ([StoryUserHostTagID], [StoryID], [UserID], [HostID], [TagID], [CreatedOn]) VALUES (76, 31, 12, 1, 37, '2007-09-16T14:39:02')
INSERT INTO [dbo].[Kick_StoryUserHostTag] ([StoryUserHostTagID], [StoryID], [UserID], [HostID], [TagID], [CreatedOn]) VALUES (77, 32, 12, 1, 37, '2007-09-16T14:39:38')
INSERT INTO [dbo].[Kick_StoryUserHostTag] ([StoryUserHostTagID], [StoryID], [UserID], [HostID], [TagID], [CreatedOn]) VALUES (78, 33, 12, 1, 37, '2007-09-16T14:40:04')
INSERT INTO [dbo].[Kick_StoryUserHostTag] ([StoryUserHostTagID], [StoryID], [UserID], [HostID], [TagID], [CreatedOn]) VALUES (79, 34, 12, 1, 37, '2007-09-16T14:40:32')
INSERT INTO [dbo].[Kick_StoryUserHostTag] ([StoryUserHostTagID], [StoryID], [UserID], [HostID], [TagID], [CreatedOn]) VALUES (80, 35, 12, 1, 37, '2007-09-16T14:40:57')
INSERT INTO [dbo].[Kick_StoryUserHostTag] ([StoryUserHostTagID], [StoryID], [UserID], [HostID], [TagID], [CreatedOn]) VALUES (81, 36, 12, 1, 37, '2007-09-16T14:41:28')
INSERT INTO [dbo].[Kick_StoryUserHostTag] ([StoryUserHostTagID], [StoryID], [UserID], [HostID], [TagID], [CreatedOn]) VALUES (82, 37, 12, 1, 25, '2007-09-16T14:42:41')
GO
INSERT INTO [dbo].[Kick_StoryUserHostTag] ([StoryUserHostTagID], [StoryID], [UserID], [HostID], [TagID], [CreatedOn]) VALUES (83, 38, 12, 1, 25, '2007-09-16T14:42:57')
INSERT INTO [dbo].[Kick_StoryUserHostTag] ([StoryUserHostTagID], [StoryID], [UserID], [HostID], [TagID], [CreatedOn]) VALUES (84, 39, 12, 1, 25, '2007-09-16T14:43:17')
INSERT INTO [dbo].[Kick_StoryUserHostTag] ([StoryUserHostTagID], [StoryID], [UserID], [HostID], [TagID], [CreatedOn]) VALUES (85, 40, 12, 1, 29, '2007-09-16T14:44:16')
INSERT INTO [dbo].[Kick_StoryUserHostTag] ([StoryUserHostTagID], [StoryID], [UserID], [HostID], [TagID], [CreatedOn]) VALUES (86, 41, 4, 1, 7, '2007-09-16T15:34:41')
INSERT INTO [dbo].[Kick_StoryUserHostTag] ([StoryUserHostTagID], [StoryID], [UserID], [HostID], [TagID], [CreatedOn]) VALUES (87, 41, 4, 1, 26, '2007-09-16T15:34:41')
INSERT INTO [dbo].[Kick_StoryUserHostTag] ([StoryUserHostTagID], [StoryID], [UserID], [HostID], [TagID], [CreatedOn]) VALUES (88, 42, 4, 1, 29, '2007-09-16T15:35:10')
INSERT INTO [dbo].[Kick_StoryUserHostTag] ([StoryUserHostTagID], [StoryID], [UserID], [HostID], [TagID], [CreatedOn]) VALUES (89, 43, 6, 1, 25, '2007-09-16T15:40:33')
INSERT INTO [dbo].[Kick_StoryUserHostTag] ([StoryUserHostTagID], [StoryID], [UserID], [HostID], [TagID], [CreatedOn]) VALUES (90, 7, 6, 1, 21, '2007-09-16T15:50:30')
INSERT INTO [dbo].[Kick_StoryUserHostTag] ([StoryUserHostTagID], [StoryID], [UserID], [HostID], [TagID], [CreatedOn]) VALUES (91, 44, 1, 1, 40, '2007-09-16T15:52:50')
INSERT INTO [dbo].[Kick_StoryUserHostTag] ([StoryUserHostTagID], [StoryID], [UserID], [HostID], [TagID], [CreatedOn]) VALUES (92, 45, 1, 1, 40, '2007-09-16T15:55:05')
INSERT INTO [dbo].[Kick_StoryUserHostTag] ([StoryUserHostTagID], [StoryID], [UserID], [HostID], [TagID], [CreatedOn]) VALUES (93, 38, 10, 1, 41, '2007-09-16T16:02:08')
INSERT INTO [dbo].[Kick_StoryUserHostTag] ([StoryUserHostTagID], [StoryID], [UserID], [HostID], [TagID], [CreatedOn]) VALUES (94, 39, 10, 1, 17, '2007-09-16T16:02:13')
SET IDENTITY_INSERT [dbo].[Kick_StoryUserHostTag] OFF
GO

-- [dbo].[Kick_Tag] (41 rows)
SET IDENTITY_INSERT [dbo].[Kick_Tag] ON
INSERT INTO [dbo].[Kick_Tag] ([TagID], [TagIdentifier]) VALUES (1, N'PadraigHarrington')
INSERT INTO [dbo].[Kick_Tag] ([TagID], [TagIdentifier]) VALUES (2, N'Golf')
INSERT INTO [dbo].[Kick_Tag] ([TagID], [TagIdentifier]) VALUES (3, N'TheOpen')
INSERT INTO [dbo].[Kick_Tag] ([TagID], [TagIdentifier]) VALUES (4, N'SergioGarcia')
INSERT INTO [dbo].[Kick_Tag] ([TagID], [TagIdentifier]) VALUES (5, N'LukeDonald')
INSERT INTO [dbo].[Kick_Tag] ([TagID], [TagIdentifier]) VALUES (6, N'SeveTrophy')
INSERT INTO [dbo].[Kick_Tag] ([TagID], [TagIdentifier]) VALUES (7, N'Soccer')
INSERT INTO [dbo].[Kick_Tag] ([TagID], [TagIdentifier]) VALUES (8, N'RoyKeane')
INSERT INTO [dbo].[Kick_Tag] ([TagID], [TagIdentifier]) VALUES (9, N'Sunderland')
INSERT INTO [dbo].[Kick_Tag] ([TagID], [TagIdentifier]) VALUES (10, N'NiallQuinn')
INSERT INTO [dbo].[Kick_Tag] ([TagID], [TagIdentifier]) VALUES (11, N'ManchesterUnited')
INSERT INTO [dbo].[Kick_Tag] ([TagID], [TagIdentifier]) VALUES (12, N'OldTrafford')
INSERT INTO [dbo].[Kick_Tag] ([TagID], [TagIdentifier]) VALUES (13, N'RomanAbramovich')
INSERT INTO [dbo].[Kick_Tag] ([TagID], [TagIdentifier]) VALUES (14, N'Wembley')
INSERT INTO [dbo].[Kick_Tag] ([TagID], [TagIdentifier]) VALUES (15, N'Euro2008')
INSERT INTO [dbo].[Kick_Tag] ([TagID], [TagIdentifier]) VALUES (16, N'England')
INSERT INTO [dbo].[Kick_Tag] ([TagID], [TagIdentifier]) VALUES (17, N'Russia')
INSERT INTO [dbo].[Kick_Tag] ([TagID], [TagIdentifier]) VALUES (18, N'WorldRecord')
INSERT INTO [dbo].[Kick_Tag] ([TagID], [TagIdentifier]) VALUES (19, N'IAAF')
INSERT INTO [dbo].[Kick_Tag] ([TagID], [TagIdentifier]) VALUES (20, N'AsafaPowell')
INSERT INTO [dbo].[Kick_Tag] ([TagID], [TagIdentifier]) VALUES (21, N'Snooker')
INSERT INTO [dbo].[Kick_Tag] ([TagID], [TagIdentifier]) VALUES (22, N'AlexHiggens')
INSERT INTO [dbo].[Kick_Tag] ([TagID], [TagIdentifier]) VALUES (23, N'KenDoherty')
INSERT INTO [dbo].[Kick_Tag] ([TagID], [TagIdentifier]) VALUES (24, N'Dublin')
INSERT INTO [dbo].[Kick_Tag] ([TagID], [TagIdentifier]) VALUES (25, N'Tennis')
INSERT INTO [dbo].[Kick_Tag] ([TagID], [TagIdentifier]) VALUES (26, N'Football')
INSERT INTO [dbo].[Kick_Tag] ([TagID], [TagIdentifier]) VALUES (27, N'RogerFederer')
INSERT INTO [dbo].[Kick_Tag] ([TagID], [TagIdentifier]) VALUES (28, N'GaelicGames')
INSERT INTO [dbo].[Kick_Tag] ([TagID], [TagIdentifier]) VALUES (29, N'MotorSport')
INSERT INTO [dbo].[Kick_Tag] ([TagID], [TagIdentifier]) VALUES (30, N'DNK;Pick')
INSERT INTO [dbo].[Kick_Tag] ([TagID], [TagIdentifier]) VALUES (31, N'France')
INSERT INTO [dbo].[Kick_Tag] ([TagID], [TagIdentifier]) VALUES (32, N'Scotland')
INSERT INTO [dbo].[Kick_Tag] ([TagID], [TagIdentifier]) VALUES (33, N'JamesMcFadden')
INSERT INTO [dbo].[Kick_Tag] ([TagID], [TagIdentifier]) VALUES (34, N'Ireland')
INSERT INTO [dbo].[Kick_Tag] ([TagID], [TagIdentifier]) VALUES (35, N'SteveStaunton')
INSERT INTO [dbo].[Kick_Tag] ([TagID], [TagIdentifier]) VALUES (36, N'AngelCabrera')
INSERT INTO [dbo].[Kick_Tag] ([TagID], [TagIdentifier]) VALUES (37, N'Rugby')
INSERT INTO [dbo].[Kick_Tag] ([TagID], [TagIdentifier]) VALUES (38, N'SouthAfrica')
INSERT INTO [dbo].[Kick_Tag] ([TagID], [TagIdentifier]) VALUES (39, N'ColinMcRae')
INSERT INTO [dbo].[Kick_Tag] ([TagID], [TagIdentifier]) VALUES (40, N'Athletics')
GO
INSERT INTO [dbo].[Kick_Tag] ([TagID], [TagIdentifier]) VALUES (41, N'AndyMurray')
SET IDENTITY_INSERT [dbo].[Kick_Tag] OFF
GO

-- [dbo].[Kick_User] (23 rows)
SET IDENTITY_INSERT [dbo].[Kick_User] ON
INSERT INTO [dbo].[Kick_User] ([UserID], [Username], [Email], [Password], [PasswordSalt], [IsGeneratedPassword], [IsValidated], [IsBanned], [AdsenseID], [ReceiveEmailNewsletter], [Roles], [HostID], [LastActiveOn], [CreatedOn], [ModifiedOn], [Location], [UseGravatar], [GravatarCustomEmail], [WebsiteURL], [BlogURL], [BlogFeedURL]) VALUES (1, N'admin', N'admin@domain.com', N'aSIT7is4z4XpZGjGyXJlisxCY0s=', N'6sPIz+jZmyR0UTNVjaYNow==', 0, 1, 0, N'', 1, N'administrator|debugger|moderator', 1, '2007-09-16T15:58:02', '2007-09-12T17:07:15', '2007-09-16T15:58:02', NULL, 0, NULL, NULL, NULL, NULL)
INSERT INTO [dbo].[Kick_User] ([UserID], [Username], [Email], [Password], [PasswordSalt], [IsGeneratedPassword], [IsValidated], [IsBanned], [AdsenseID], [ReceiveEmailNewsletter], [Roles], [HostID], [LastActiveOn], [CreatedOn], [ModifiedOn], [Location], [UseGravatar], [GravatarCustomEmail], [WebsiteURL], [BlogURL], [BlogFeedURL]) VALUES (2, N'moderator', N'moderator@domain.com', N'z6m9Bi2C6eorO+qrPQgEOav6mog=', N'1WRd65K1dNGAGmPPMwP1zA==', 0, 1, 0, N'', 1, N'moderator', 1, '2007-09-12T17:33:47', '2007-09-12T17:10:00', '2007-09-12T17:33:50', NULL, 0, NULL, NULL, NULL, NULL)
INSERT INTO [dbo].[Kick_User] ([UserID], [Username], [Email], [Password], [PasswordSalt], [IsGeneratedPassword], [IsValidated], [IsBanned], [AdsenseID], [ReceiveEmailNewsletter], [Roles], [HostID], [LastActiveOn], [CreatedOn], [ModifiedOn], [Location], [UseGravatar], [GravatarCustomEmail], [WebsiteURL], [BlogURL], [BlogFeedURL]) VALUES (3, N'user1', N'user1@domain.com', N'QIN7nbb9kSXr7YJWiY47ggSOKCQ=', N'j4/+4Gp1cq4iLCp8qhhuCg==', 0, 1, 0, N'', 1, N'', 1, '2007-09-16T15:59:02', '2007-09-12T17:11:17', '2007-09-16T15:59:02', NULL, 1, N'user01.test@gavinjoyce.com', NULL, NULL, NULL)
INSERT INTO [dbo].[Kick_User] ([UserID], [Username], [Email], [Password], [PasswordSalt], [IsGeneratedPassword], [IsValidated], [IsBanned], [AdsenseID], [ReceiveEmailNewsletter], [Roles], [HostID], [LastActiveOn], [CreatedOn], [ModifiedOn], [Location], [UseGravatar], [GravatarCustomEmail], [WebsiteURL], [BlogURL], [BlogFeedURL]) VALUES (4, N'user2', N'user2@domain.com', N'rFtk0yOSEYKhNLdj3LDQbym2gA4=', N'MYaEDWgWl9pYwIYrlt7+2w==', 0, 1, 0, N'', 0, N'', 1, '2007-09-16T15:55:41', '2007-09-12T17:27:14', '2007-09-16T15:55:41', NULL, 1, N'user02.test@gavinjoyce.com', NULL, NULL, NULL)
INSERT INTO [dbo].[Kick_User] ([UserID], [Username], [Email], [Password], [PasswordSalt], [IsGeneratedPassword], [IsValidated], [IsBanned], [AdsenseID], [ReceiveEmailNewsletter], [Roles], [HostID], [LastActiveOn], [CreatedOn], [ModifiedOn], [Location], [UseGravatar], [GravatarCustomEmail], [WebsiteURL], [BlogURL], [BlogFeedURL]) VALUES (5, N'user3', N'user3@domain.com', N'a580OEL5dQmrPCZtbIwlQmP3kgE=', N'Ozq+MkAcXu21HR7g6+7JbQ==', 0, 1, 0, N'', 0, N'', 1, '2007-09-16T15:55:51', '2007-09-12T17:27:20', '2007-09-16T15:55:51', NULL, 1, N'user03.test@gavinjoyce.com', NULL, NULL, NULL)
INSERT INTO [dbo].[Kick_User] ([UserID], [Username], [Email], [Password], [PasswordSalt], [IsGeneratedPassword], [IsValidated], [IsBanned], [AdsenseID], [ReceiveEmailNewsletter], [Roles], [HostID], [LastActiveOn], [CreatedOn], [ModifiedOn], [Location], [UseGravatar], [GravatarCustomEmail], [WebsiteURL], [BlogURL], [BlogFeedURL]) VALUES (6, N'user4', N'user4@domain.com', N'oKoWGdMGlq9d25oMY3z76Qm+MOk=', N'lxwG709d/qV2XQ13ka9RSw==', 0, 1, 0, N'', 0, N'', 1, '2007-09-16T15:55:59', '2007-09-12T17:27:26', '2007-09-16T15:55:59', NULL, 1, N'user04.test@gavinjoyce.com', NULL, NULL, NULL)
INSERT INTO [dbo].[Kick_User] ([UserID], [Username], [Email], [Password], [PasswordSalt], [IsGeneratedPassword], [IsValidated], [IsBanned], [AdsenseID], [ReceiveEmailNewsletter], [Roles], [HostID], [LastActiveOn], [CreatedOn], [ModifiedOn], [Location], [UseGravatar], [GravatarCustomEmail], [WebsiteURL], [BlogURL], [BlogFeedURL]) VALUES (7, N'user5', N'user5@domain.com', N'xVR8om1aQY0M52ha6Vql3fDpcgo=', N'1kB1Jy4o3j1h0+2xv12iJw==', 0, 1, 1, N'', 0, N'', 1, '2007-09-16T15:56:08', '2007-09-12T17:27:32', '2007-09-16T15:56:08', NULL, 1, N'user05.test@gavinjoyce.com', NULL, NULL, NULL)
INSERT INTO [dbo].[Kick_User] ([UserID], [Username], [Email], [Password], [PasswordSalt], [IsGeneratedPassword], [IsValidated], [IsBanned], [AdsenseID], [ReceiveEmailNewsletter], [Roles], [HostID], [LastActiveOn], [CreatedOn], [ModifiedOn], [Location], [UseGravatar], [GravatarCustomEmail], [WebsiteURL], [BlogURL], [BlogFeedURL]) VALUES (8, N'user6', N'user6@domain.com', N'yMQBfgHRbqHzxHnh9FIFWFh8B4k=', N'4A6sOu48ODfiVGqb9NUB4w==', 0, 1, 0, N'', 0, N'', 1, '2007-09-16T15:56:19', '2007-09-12T17:27:39', '2007-09-16T15:56:19', NULL, 1, N'user06.test@gavinjoyce.com', NULL, NULL, NULL)
INSERT INTO [dbo].[Kick_User] ([UserID], [Username], [Email], [Password], [PasswordSalt], [IsGeneratedPassword], [IsValidated], [IsBanned], [AdsenseID], [ReceiveEmailNewsletter], [Roles], [HostID], [LastActiveOn], [CreatedOn], [ModifiedOn], [Location], [UseGravatar], [GravatarCustomEmail], [WebsiteURL], [BlogURL], [BlogFeedURL]) VALUES (9, N'user7', N'user7@domain.com', N'1AM8e29/r7m6kNJeFhgZkz90qpo=', N'i+kQ3V3SuKT4jkjUGSuR9w==', 0, 1, 0, N'', 0, N'', 1, '2007-09-16T15:56:28', '2007-09-12T17:27:44', '2007-09-16T15:56:28', NULL, 1, N'user07.test@gavinjoyce.com', NULL, NULL, NULL)
INSERT INTO [dbo].[Kick_User] ([UserID], [Username], [Email], [Password], [PasswordSalt], [IsGeneratedPassword], [IsValidated], [IsBanned], [AdsenseID], [ReceiveEmailNewsletter], [Roles], [HostID], [LastActiveOn], [CreatedOn], [ModifiedOn], [Location], [UseGravatar], [GravatarCustomEmail], [WebsiteURL], [BlogURL], [BlogFeedURL]) VALUES (10, N'user8', N'user8@domain.com', N'QfLVZ9ZIP9FpZXFL0ae6atWa5CY=', N'ASfZvztjBINnrHqPUugLbQ==', 0, 1, 0, N'', 0, N'', 1, '2007-09-16T16:01:39', '2007-09-12T17:27:51', '2007-09-16T16:01:39', NULL, 1, N'user08.test@gavinjoyce.com', NULL, NULL, NULL)
INSERT INTO [dbo].[Kick_User] ([UserID], [Username], [Email], [Password], [PasswordSalt], [IsGeneratedPassword], [IsValidated], [IsBanned], [AdsenseID], [ReceiveEmailNewsletter], [Roles], [HostID], [LastActiveOn], [CreatedOn], [ModifiedOn], [Location], [UseGravatar], [GravatarCustomEmail], [WebsiteURL], [BlogURL], [BlogFeedURL]) VALUES (11, N'user9', N'user9@domain.com', N'n1uPOIbn3ij0nIPUA1bG3qJZTN4=', N'y3tWfdAaO0PTa4fy+wD5gg==', 0, 1, 0, N'', 0, N'', 1, '2007-09-16T15:56:48', '2007-09-12T17:27:57', '2007-09-16T15:56:48', NULL, 1, N'user09.test@gavinjoyce.com', NULL, NULL, NULL)
INSERT INTO [dbo].[Kick_User] ([UserID], [Username], [Email], [Password], [PasswordSalt], [IsGeneratedPassword], [IsValidated], [IsBanned], [AdsenseID], [ReceiveEmailNewsletter], [Roles], [HostID], [LastActiveOn], [CreatedOn], [ModifiedOn], [Location], [UseGravatar], [GravatarCustomEmail], [WebsiteURL], [BlogURL], [BlogFeedURL]) VALUES (12, N'user10', N'user10@domain.com', N'UXUxMNaBqqGJXDOpb+bwi7sydK8=', N'QR8wr4ZSQzYpobmSFC25Ww==', 0, 1, 0, N'', 0, N'', 1, '2007-09-16T16:02:56', '2007-09-12T17:28:04', '2007-09-16T16:02:56', NULL, 1, N'user10.test@gavinjoyce.com', NULL, NULL, NULL)
INSERT INTO [dbo].[Kick_User] ([UserID], [Username], [Email], [Password], [PasswordSalt], [IsGeneratedPassword], [IsValidated], [IsBanned], [AdsenseID], [ReceiveEmailNewsletter], [Roles], [HostID], [LastActiveOn], [CreatedOn], [ModifiedOn], [Location], [UseGravatar], [GravatarCustomEmail], [WebsiteURL], [BlogURL], [BlogFeedURL]) VALUES (13, N'user11', N'user11@domain.com', N'KM7N/WDabPT7cbygr25dMWkf8Y4=', N'hza9Lhd0I93sHyMJvRqnCw==', 0, 1, 0, N'', 0, N'', 1, '2007-09-16T15:57:00', '2007-09-12T17:28:09', '2007-09-16T15:57:00', NULL, 0, NULL, NULL, NULL, NULL)
INSERT INTO [dbo].[Kick_User] ([UserID], [Username], [Email], [Password], [PasswordSalt], [IsGeneratedPassword], [IsValidated], [IsBanned], [AdsenseID], [ReceiveEmailNewsletter], [Roles], [HostID], [LastActiveOn], [CreatedOn], [ModifiedOn], [Location], [UseGravatar], [GravatarCustomEmail], [WebsiteURL], [BlogURL], [BlogFeedURL]) VALUES (14, N'user12', N'user12@domain.com', N'bSksnF9GUINDJYhlpXz51FdkH4I=', N'K1PFKeI96XIMd1BbVOTASg==', 0, 1, 0, N'', 0, N'', 1, '2007-09-12T17:31:33', '2007-09-12T17:28:15', '2007-09-12T17:31:35', NULL, 0, NULL, NULL, NULL, NULL)
INSERT INTO [dbo].[Kick_User] ([UserID], [Username], [Email], [Password], [PasswordSalt], [IsGeneratedPassword], [IsValidated], [IsBanned], [AdsenseID], [ReceiveEmailNewsletter], [Roles], [HostID], [LastActiveOn], [CreatedOn], [ModifiedOn], [Location], [UseGravatar], [GravatarCustomEmail], [WebsiteURL], [BlogURL], [BlogFeedURL]) VALUES (15, N'user13', N'user13@domain.com', N'8hdUMJ/YSaZv7ilCKkygPgX45+k=', N'V+365W3z/tLasCYinB2rTA==', 0, 1, 0, N'', 0, N'', 1, '2007-09-12T17:31:42', '2007-09-12T17:28:21', '2007-09-12T17:31:46', NULL, 0, NULL, NULL, NULL, NULL)
INSERT INTO [dbo].[Kick_User] ([UserID], [Username], [Email], [Password], [PasswordSalt], [IsGeneratedPassword], [IsValidated], [IsBanned], [AdsenseID], [ReceiveEmailNewsletter], [Roles], [HostID], [LastActiveOn], [CreatedOn], [ModifiedOn], [Location], [UseGravatar], [GravatarCustomEmail], [WebsiteURL], [BlogURL], [BlogFeedURL]) VALUES (16, N'user14', N'user14@domain.com', N'0PyKzsWbhslPK/kXm32T1xd67cE=', N'YR1GP7b/UoTpJ7khh0kVtA==', 0, 1, 0, N'', 0, N'', 1, '2007-09-12T17:31:52', '2007-09-12T17:28:26', '2007-09-12T17:31:54', NULL, 0, NULL, NULL, NULL, NULL)
INSERT INTO [dbo].[Kick_User] ([UserID], [Username], [Email], [Password], [PasswordSalt], [IsGeneratedPassword], [IsValidated], [IsBanned], [AdsenseID], [ReceiveEmailNewsletter], [Roles], [HostID], [LastActiveOn], [CreatedOn], [ModifiedOn], [Location], [UseGravatar], [GravatarCustomEmail], [WebsiteURL], [BlogURL], [BlogFeedURL]) VALUES (17, N'user15', N'user15@domain.com', N'1LKQYAdknRShAYvui8pfxx0DjME=', N'PqPAKKxtI/j7ArrghS52FQ==', 0, 1, 0, N'', 0, N'', 1, '2007-09-12T17:32:00', '2007-09-12T17:28:33', '2007-09-12T17:32:03', NULL, 0, NULL, NULL, NULL, NULL)
INSERT INTO [dbo].[Kick_User] ([UserID], [Username], [Email], [Password], [PasswordSalt], [IsGeneratedPassword], [IsValidated], [IsBanned], [AdsenseID], [ReceiveEmailNewsletter], [Roles], [HostID], [LastActiveOn], [CreatedOn], [ModifiedOn], [Location], [UseGravatar], [GravatarCustomEmail], [WebsiteURL], [BlogURL], [BlogFeedURL]) VALUES (18, N'user16', N'user16@domain.com', N'3NTjtCHvwj+C5mpQdVcbCnU5B/w=', N'2vfdf/aDPLTRuyYxHjUQWw==', 0, 1, 1, N'', 0, N'', 1, '2007-09-12T18:48:39', '2007-09-12T17:28:39', '2007-09-12T18:48:39', NULL, 0, NULL, NULL, NULL, NULL)
INSERT INTO [dbo].[Kick_User] ([UserID], [Username], [Email], [Password], [PasswordSalt], [IsGeneratedPassword], [IsValidated], [IsBanned], [AdsenseID], [ReceiveEmailNewsletter], [Roles], [HostID], [LastActiveOn], [CreatedOn], [ModifiedOn], [Location], [UseGravatar], [GravatarCustomEmail], [WebsiteURL], [BlogURL], [BlogFeedURL]) VALUES (19, N'user17', N'user17@domain.com', N'RlbpGktFt9u08tprJ+2Xa8j8Inw=', N'JTaOJiDa5x0rs1gJk8IvAg==', 0, 1, 0, N'', 0, N'', 1, '2007-09-12T17:32:22', '2007-09-12T17:28:45', '2007-09-12T18:39:49', NULL, 0, NULL, NULL, NULL, NULL)
INSERT INTO [dbo].[Kick_User] ([UserID], [Username], [Email], [Password], [PasswordSalt], [IsGeneratedPassword], [IsValidated], [IsBanned], [AdsenseID], [ReceiveEmailNewsletter], [Roles], [HostID], [LastActiveOn], [CreatedOn], [ModifiedOn], [Location], [UseGravatar], [GravatarCustomEmail], [WebsiteURL], [BlogURL], [BlogFeedURL]) VALUES (20, N'user18', N'user18@domain.com', N'4NwqahLiGi6O7tG98uIMup7lLTA=', N'3CtwLJLY4ALVJ8r+0h3dtA==', 0, 1, 0, N'', 0, N'', 1, '2007-09-12T17:32:31', '2007-09-12T17:28:50', '2007-09-12T17:32:33', NULL, 0, NULL, NULL, NULL, NULL)
INSERT INTO [dbo].[Kick_User] ([UserID], [Username], [Email], [Password], [PasswordSalt], [IsGeneratedPassword], [IsValidated], [IsBanned], [AdsenseID], [ReceiveEmailNewsletter], [Roles], [HostID], [LastActiveOn], [CreatedOn], [ModifiedOn], [Location], [UseGravatar], [GravatarCustomEmail], [WebsiteURL], [BlogURL], [BlogFeedURL]) VALUES (21, N'user19', N'user19@domain.com', N'd2+cIAmWRuVUmPMsmumEK1z10e8=', N'YpqXEF6GQlWbF22hvjH5TQ==', 0, 1, 1, N'', 0, N'', 1, '2007-09-15T13:37:04', '2007-09-12T17:28:56', '2007-09-15T13:37:04', NULL, 0, NULL, NULL, NULL, NULL)
INSERT INTO [dbo].[Kick_User] ([UserID], [Username], [Email], [Password], [PasswordSalt], [IsGeneratedPassword], [IsValidated], [IsBanned], [AdsenseID], [ReceiveEmailNewsletter], [Roles], [HostID], [LastActiveOn], [CreatedOn], [ModifiedOn], [Location], [UseGravatar], [GravatarCustomEmail], [WebsiteURL], [BlogURL], [BlogFeedURL]) VALUES (22, N'user20', N'user20@domain.com', N'bc5SZLdURz1PxubWy91pjMZXlCs=', N'2AuvpJN9ujgmvgxomIgzHQ==', 0, 1, 0, N'', 0, N'', 1, '2007-09-12T17:32:48', '2007-09-12T17:29:05', '2007-09-12T17:32:51', NULL, 0, NULL, NULL, NULL, NULL)
INSERT INTO [dbo].[Kick_User] ([UserID], [Username], [Email], [Password], [PasswordSalt], [IsGeneratedPassword], [IsValidated], [IsBanned], [AdsenseID], [ReceiveEmailNewsletter], [Roles], [HostID], [LastActiveOn], [CreatedOn], [ModifiedOn], [Location], [UseGravatar], [GravatarCustomEmail], [WebsiteURL], [BlogURL], [BlogFeedURL]) VALUES (23, N'user21', N'user21@domain.com', N'n853maY73tSPs1k5khsh833KokQ=', N'Yy4MVmKmS91UAvhuDLf1tQ==', 1, 0, 0, N'', 1, N'', 1, '1900-01-01T00:00:00', '2007-09-15T13:45:54', '2007-09-15T13:45:54', NULL, 0, NULL, NULL, NULL, NULL)
SET IDENTITY_INSERT [dbo].[Kick_User] OFF
GO

-- [dbo].[Kick_UserFriend] (23 rows)
SET IDENTITY_INSERT [dbo].[Kick_UserFriend] ON
INSERT INTO [dbo].[Kick_UserFriend] ([UserFriendID], [UserID], [FriendID], [CreatedOn]) VALUES (9, 1, 18, '2007-09-12T18:45:27')
INSERT INTO [dbo].[Kick_UserFriend] ([UserFriendID], [UserID], [FriendID], [CreatedOn]) VALUES (10, 6, 5, '2007-09-14T09:28:54')
INSERT INTO [dbo].[Kick_UserFriend] ([UserFriendID], [UserID], [FriendID], [CreatedOn]) VALUES (11, 6, 1, '2007-09-14T09:28:55')
INSERT INTO [dbo].[Kick_UserFriend] ([UserFriendID], [UserID], [FriendID], [CreatedOn]) VALUES (12, 6, 8, '2007-09-14T09:28:57')
INSERT INTO [dbo].[Kick_UserFriend] ([UserFriendID], [UserID], [FriendID], [CreatedOn]) VALUES (14, 1, 3, '2007-09-16T15:15:43')
INSERT INTO [dbo].[Kick_UserFriend] ([UserFriendID], [UserID], [FriendID], [CreatedOn]) VALUES (15, 1, 4, '2007-09-16T15:15:47')
INSERT INTO [dbo].[Kick_UserFriend] ([UserFriendID], [UserID], [FriendID], [CreatedOn]) VALUES (16, 1, 5, '2007-09-16T15:15:54')
INSERT INTO [dbo].[Kick_UserFriend] ([UserFriendID], [UserID], [FriendID], [CreatedOn]) VALUES (17, 1, 6, '2007-09-16T15:15:56')
INSERT INTO [dbo].[Kick_UserFriend] ([UserFriendID], [UserID], [FriendID], [CreatedOn]) VALUES (18, 1, 7, '2007-09-16T15:15:59')
INSERT INTO [dbo].[Kick_UserFriend] ([UserFriendID], [UserID], [FriendID], [CreatedOn]) VALUES (19, 1, 8, '2007-09-16T15:16:01')
INSERT INTO [dbo].[Kick_UserFriend] ([UserFriendID], [UserID], [FriendID], [CreatedOn]) VALUES (20, 1, 9, '2007-09-16T15:16:03')
INSERT INTO [dbo].[Kick_UserFriend] ([UserFriendID], [UserID], [FriendID], [CreatedOn]) VALUES (21, 1, 10, '2007-09-16T15:16:05')
INSERT INTO [dbo].[Kick_UserFriend] ([UserFriendID], [UserID], [FriendID], [CreatedOn]) VALUES (22, 1, 11, '2007-09-16T15:16:10')
INSERT INTO [dbo].[Kick_UserFriend] ([UserFriendID], [UserID], [FriendID], [CreatedOn]) VALUES (23, 1, 12, '2007-09-16T15:16:12')
INSERT INTO [dbo].[Kick_UserFriend] ([UserFriendID], [UserID], [FriendID], [CreatedOn]) VALUES (24, 12, 3, '2007-09-16T16:03:24')
INSERT INTO [dbo].[Kick_UserFriend] ([UserFriendID], [UserID], [FriendID], [CreatedOn]) VALUES (25, 12, 4, '2007-09-16T16:03:25')
INSERT INTO [dbo].[Kick_UserFriend] ([UserFriendID], [UserID], [FriendID], [CreatedOn]) VALUES (26, 12, 5, '2007-09-16T16:03:27')
INSERT INTO [dbo].[Kick_UserFriend] ([UserFriendID], [UserID], [FriendID], [CreatedOn]) VALUES (27, 12, 6, '2007-09-16T16:03:29')
INSERT INTO [dbo].[Kick_UserFriend] ([UserFriendID], [UserID], [FriendID], [CreatedOn]) VALUES (28, 12, 7, '2007-09-16T16:03:31')
INSERT INTO [dbo].[Kick_UserFriend] ([UserFriendID], [UserID], [FriendID], [CreatedOn]) VALUES (29, 12, 8, '2007-09-16T16:03:32')
INSERT INTO [dbo].[Kick_UserFriend] ([UserFriendID], [UserID], [FriendID], [CreatedOn]) VALUES (30, 12, 9, '2007-09-16T16:03:34')
INSERT INTO [dbo].[Kick_UserFriend] ([UserFriendID], [UserID], [FriendID], [CreatedOn]) VALUES (31, 12, 10, '2007-09-16T16:03:36')
INSERT INTO [dbo].[Kick_UserFriend] ([UserFriendID], [UserID], [FriendID], [CreatedOn]) VALUES (32, 12, 11, '2007-09-16T16:03:38')
SET IDENTITY_INSERT [dbo].[Kick_UserFriend] OFF
GO
-- [dbo].[Kick_BannedUrlPattern] (2 rows)
SET IDENTITY_INSERT [dbo].[Kick_BannedUrlPattern] ON
INSERT INTO [dbo].[Kick_BannedUrlPattern] ([HostId],[Description],[BannedUrlRegex]) VALUES (null,N'Lemon party',N'.*lemonparty.*')
INSERT INTO [dbo].[Kick_BannedUrlPattern] ([HostId],[Description],[BannedUrlRegex]) VALUES (null,N'2girls1cup',N'.*2girls1cup.*')
SET IDENTITY_INSERT [dbo].[Kick_BannedUrlPattern] OFF

-- [Constraints ENABLE]
ALTER TABLE [dbo].[Kick_Category] CHECK CONSTRAINT ALL
ALTER TABLE [dbo].[Kick_Category] ENABLE TRIGGER    ALL
ALTER TABLE [dbo].[Kick_Comment] CHECK CONSTRAINT ALL
ALTER TABLE [dbo].[Kick_Comment] ENABLE TRIGGER    ALL
ALTER TABLE [dbo].[Kick_Host] CHECK CONSTRAINT ALL
ALTER TABLE [dbo].[Kick_Host] ENABLE TRIGGER    ALL
ALTER TABLE [dbo].[Kick_Setting] CHECK CONSTRAINT ALL
ALTER TABLE [dbo].[Kick_Setting] ENABLE TRIGGER    ALL
ALTER TABLE [dbo].[Kick_Shout] CHECK CONSTRAINT ALL
ALTER TABLE [dbo].[Kick_Shout] ENABLE TRIGGER    ALL
ALTER TABLE [dbo].[Kick_Story] CHECK CONSTRAINT ALL
ALTER TABLE [dbo].[Kick_Story] ENABLE TRIGGER    ALL
ALTER TABLE [dbo].[Kick_StoryKick] CHECK CONSTRAINT ALL
ALTER TABLE [dbo].[Kick_StoryKick] ENABLE TRIGGER    ALL
ALTER TABLE [dbo].[Kick_StoryUserHostTag] CHECK CONSTRAINT ALL
ALTER TABLE [dbo].[Kick_StoryUserHostTag] ENABLE TRIGGER    ALL
ALTER TABLE [dbo].[Kick_Tag] CHECK CONSTRAINT ALL
ALTER TABLE [dbo].[Kick_Tag] ENABLE TRIGGER    ALL
ALTER TABLE [dbo].[Kick_User] CHECK CONSTRAINT ALL
ALTER TABLE [dbo].[Kick_User] ENABLE TRIGGER    ALL
ALTER TABLE [dbo].[Kick_UserFriend] CHECK CONSTRAINT ALL
ALTER TABLE [dbo].[Kick_UserFriend] ENABLE TRIGGER    ALL
GO

-- [Script End]
IF @@TRANCOUNT>0 COMMIT TRANSACTION
